gameid,epochTime,roundNum,sender,contents
2452-396a1ae8-e726-4ba2-8fce-75b67133b249,1502873805351,1,倾听者,你好
2452-396a1ae8-e726-4ba2-8fce-75b67133b249,1502873868748,1,倾听者,告诉我颜色
2452-396a1ae8-e726-4ba2-8fce-75b67133b249,1502874035297,2,倾听者,哪种颜色
2452-396a1ae8-e726-4ba2-8fce-75b67133b249,1502874065357,3,倾听者,绿色
2452-396a1ae8-e726-4ba2-8fce-75b67133b249,1502874078662,4,倾听者,绿色
2452-396a1ae8-e726-4ba2-8fce-75b67133b249,1502874096198,5,倾听者,绿色
2452-396a1ae8-e726-4ba2-8fce-75b67133b249,1502874106748,6,倾听者,绿色
2452-396a1ae8-e726-4ba2-8fce-75b67133b249,1502874129723,7,倾听者,蓝色
2452-396a1ae8-e726-4ba2-8fce-75b67133b249,1502874151289,8,倾听者,粉
2452-396a1ae8-e726-4ba2-8fce-75b67133b249,1502874175413,9,倾听者,绿色
2452-396a1ae8-e726-4ba2-8fce-75b67133b249,1502874188113,10,倾听者,绿色
2452-396a1ae8-e726-4ba2-8fce-75b67133b249,1502874201059,11,倾听者,绿色
2452-396a1ae8-e726-4ba2-8fce-75b67133b249,1502874209375,12,倾听者,绿色
2452-396a1ae8-e726-4ba2-8fce-75b67133b249,1502874217978,13,倾听者,绿色
2452-396a1ae8-e726-4ba2-8fce-75b67133b249,1502874226553,14,倾听者,绿色
2452-396a1ae8-e726-4ba2-8fce-75b67133b249,1502874237047,15,倾听者,绿色
2452-396a1ae8-e726-4ba2-8fce-75b67133b249,1502874244941,16,倾听者,绿色
2452-396a1ae8-e726-4ba2-8fce-75b67133b249,1502874253312,17,倾听者,绿色
2452-396a1ae8-e726-4ba2-8fce-75b67133b249,1502874276733,18,倾听者,黑暗
2452-396a1ae8-e726-4ba2-8fce-75b67133b249,1502874286441,19,倾听者,黑暗
2452-396a1ae8-e726-4ba2-8fce-75b67133b249,1502874310500,20,倾听者,黑暗
2452-396a1ae8-e726-4ba2-8fce-75b67133b249,1502874318231,21,倾听者,黑暗
2452-396a1ae8-e726-4ba2-8fce-75b67133b249,1502874327289,22,倾听者,黑暗
2452-396a1ae8-e726-4ba2-8fce-75b67133b249,1502874336210,23,倾听者,黑暗
2452-396a1ae8-e726-4ba2-8fce-75b67133b249,1502874353520,24,倾听者,黑暗
2452-396a1ae8-e726-4ba2-8fce-75b67133b249,1502874361736,25,倾听者,黑暗
2452-396a1ae8-e726-4ba2-8fce-75b67133b249,1502874371469,26,倾听者,黑暗
2452-396a1ae8-e726-4ba2-8fce-75b67133b249,1502874379920,27,倾听者,黑暗
2452-396a1ae8-e726-4ba2-8fce-75b67133b249,1502874394948,28,倾听者,黑暗
2452-396a1ae8-e726-4ba2-8fce-75b67133b249,1502874402702,29,倾听者,黑暗
2452-396a1ae8-e726-4ba2-8fce-75b67133b249,1502874412305,30,倾听者,黑暗
2452-396a1ae8-e726-4ba2-8fce-75b67133b249,1502874427796,31,倾听者,黑暗
2452-396a1ae8-e726-4ba2-8fce-75b67133b249,1502874435708,32,倾听者,黑暗
2452-396a1ae8-e726-4ba2-8fce-75b67133b249,1502874443851,33,倾听者,黑暗
2452-396a1ae8-e726-4ba2-8fce-75b67133b249,1502874455484,34,倾听者,黑暗
2452-396a1ae8-e726-4ba2-8fce-75b67133b249,1502874474687,35,倾听者,黑暗
2452-396a1ae8-e726-4ba2-8fce-75b67133b249,1502874483290,36,倾听者,黑暗
2452-396a1ae8-e726-4ba2-8fce-75b67133b249,1502874492956,37,倾听者,黑暗
2452-396a1ae8-e726-4ba2-8fce-75b67133b249,1502874501540,38,倾听者,黑暗
2452-396a1ae8-e726-4ba2-8fce-75b67133b249,1502874511829,39,倾听者,黑暗
2452-396a1ae8-e726-4ba2-8fce-75b67133b249,1502874529480,40,倾听者,黑暗
2452-396a1ae8-e726-4ba2-8fce-75b67133b249,1502874538029,41,倾听者,黑暗
2452-396a1ae8-e726-4ba2-8fce-75b67133b249,1502874545768,42,倾听者,黑暗
2452-396a1ae8-e726-4ba2-8fce-75b67133b249,1502874554480,43,倾听者,黑暗
2452-396a1ae8-e726-4ba2-8fce-75b67133b249,1502874561320,44,倾听者,黑暗
2452-396a1ae8-e726-4ba2-8fce-75b67133b249,1502874569484,45,倾听者,黑暗
2452-396a1ae8-e726-4ba2-8fce-75b67133b249,1502874577712,46,倾听者,黑暗
2452-396a1ae8-e726-4ba2-8fce-75b67133b249,1502874589303,47,倾听者,黑暗
2452-396a1ae8-e726-4ba2-8fce-75b67133b249,1502874599337,48,倾听者,黑暗
2452-396a1ae8-e726-4ba2-8fce-75b67133b249,1502874607382,49,倾听者,黑暗
2452-396a1ae8-e726-4ba2-8fce-75b67133b249,1502874616356,50,倾听者,黑暗
5282-432511a8-6349-43be-ae6f-6dcccc9e13f4,1503975541708,1,倾听者,绿色
5282-432511a8-6349-43be-ae6f-6dcccc9e13f4,1503975569635,2,倾听者,紫色
5282-432511a8-6349-43be-ae6f-6dcccc9e13f4,1503975588988,3,倾听者,紫色
5282-432511a8-6349-43be-ae6f-6dcccc9e13f4,1503975616203,4,倾听者,粉
5282-432511a8-6349-43be-ae6f-6dcccc9e13f4,1503975639962,5,倾听者, 送
5282-432511a8-6349-43be-ae6f-6dcccc9e13f4,1503975664588,6,倾听者,红
5282-432511a8-6349-43be-ae6f-6dcccc9e13f4,1503975685479,7,倾听者,黄色
5282-432511a8-6349-43be-ae6f-6dcccc9e13f4,1503975697250,8,倾听者,黄色
5282-432511a8-6349-43be-ae6f-6dcccc9e13f4,1503975706449,9,倾听者,黄色
5282-432511a8-6349-43be-ae6f-6dcccc9e13f4,1503975729883,10,倾听者,蓝色
5282-432511a8-6349-43be-ae6f-6dcccc9e13f4,1503975749582,11,倾听者,绿色
5282-432511a8-6349-43be-ae6f-6dcccc9e13f4,1503975758360,12,倾听者,绿色
5282-432511a8-6349-43be-ae6f-6dcccc9e13f4,1503975766812,13,倾听者,绿色
5282-432511a8-6349-43be-ae6f-6dcccc9e13f4,1503975793402,14,倾听者,粉
5282-432511a8-6349-43be-ae6f-6dcccc9e13f4,1503975815180,15,倾听者,灰色
5282-432511a8-6349-43be-ae6f-6dcccc9e13f4,1503975845598,16,倾听者,紫色
5282-432511a8-6349-43be-ae6f-6dcccc9e13f4,1503975857105,17,倾听者,紫色
5282-432511a8-6349-43be-ae6f-6dcccc9e13f4,1503975880363,18,倾听者,粉
5282-432511a8-6349-43be-ae6f-6dcccc9e13f4,1503975900695,19,倾听者,红
5282-432511a8-6349-43be-ae6f-6dcccc9e13f4,1503975919744,20,演说者,灰色
5282-432511a8-6349-43be-ae6f-6dcccc9e13f4,1503975921519,20,倾听者,绿色
5282-432511a8-6349-43be-ae6f-6dcccc9e13f4,1503975929236,21,倾听者,绿色
5282-432511a8-6349-43be-ae6f-6dcccc9e13f4,1503975939171,22,倾听者,绿色
5282-432511a8-6349-43be-ae6f-6dcccc9e13f4,1503975947042,23,倾听者,绿色
5282-432511a8-6349-43be-ae6f-6dcccc9e13f4,1503975947589,23,演说者,黄色
5282-432511a8-6349-43be-ae6f-6dcccc9e13f4,1503975954951,24,倾听者,绿色
5282-432511a8-6349-43be-ae6f-6dcccc9e13f4,1503975964351,25,倾听者,绿色
5282-432511a8-6349-43be-ae6f-6dcccc9e13f4,1503975998843,26,倾听者,橙子
5282-432511a8-6349-43be-ae6f-6dcccc9e13f4,1503976008319,27,演说者,绿色
5282-432511a8-6349-43be-ae6f-6dcccc9e13f4,1503976018383,27,倾听者,绿色
5282-432511a8-6349-43be-ae6f-6dcccc9e13f4,1503976026203,28,倾听者,绿色
5282-432511a8-6349-43be-ae6f-6dcccc9e13f4,1503976035193,29,倾听者,绿色
5282-432511a8-6349-43be-ae6f-6dcccc9e13f4,1503976046073,30,倾听者,绿色
5282-432511a8-6349-43be-ae6f-6dcccc9e13f4,1503976055114,31,倾听者,绿色
5282-432511a8-6349-43be-ae6f-6dcccc9e13f4,1503976062969,32,倾听者,绿色
5282-432511a8-6349-43be-ae6f-6dcccc9e13f4,1503976070723,33,倾听者,绿色
5282-432511a8-6349-43be-ae6f-6dcccc9e13f4,1503976078533,34,倾听者,绿色
5282-432511a8-6349-43be-ae6f-6dcccc9e13f4,1503976087683,35,倾听者,绿色
5282-432511a8-6349-43be-ae6f-6dcccc9e13f4,1503976096753,36,倾听者,绿色
5282-432511a8-6349-43be-ae6f-6dcccc9e13f4,1503976104642,37,倾听者,绿色
5282-432511a8-6349-43be-ae6f-6dcccc9e13f4,1503976136012,38,倾听者,绿色
5282-432511a8-6349-43be-ae6f-6dcccc9e13f4,1503976143842,39,倾听者,绿色
5282-432511a8-6349-43be-ae6f-6dcccc9e13f4,1503976153420,40,倾听者,绿色
5282-432511a8-6349-43be-ae6f-6dcccc9e13f4,1503976161596,41,倾听者,绿色
5282-432511a8-6349-43be-ae6f-6dcccc9e13f4,1503976170425,42,倾听者,绿色
5282-432511a8-6349-43be-ae6f-6dcccc9e13f4,1503976178407,43,倾听者,绿色
5282-432511a8-6349-43be-ae6f-6dcccc9e13f4,1503976186286,44,倾听者,绿色
5282-432511a8-6349-43be-ae6f-6dcccc9e13f4,1503976198412,45,倾听者,绿色
5282-432511a8-6349-43be-ae6f-6dcccc9e13f4,1503976207983,46,倾听者,绿色
5282-432511a8-6349-43be-ae6f-6dcccc9e13f4,1503976218053,47,倾听者,绿色
5282-432511a8-6349-43be-ae6f-6dcccc9e13f4,1503976225824,48,倾听者,绿色
5282-432511a8-6349-43be-ae6f-6dcccc9e13f4,1503976234804,49,倾听者,绿色
5282-432511a8-6349-43be-ae6f-6dcccc9e13f4,1503976242954,50,倾听者,绿色
9774-2b854280-85e1-4a24-a2eb-86f37d1dbda4,1504067826405,1,"演说者""""""hi"" 好",
9774-2b854280-85e1-4a24-a2eb-86f37d1dbda4,1504067829582,1,倾听者,蓝色
9774-2b854280-85e1-4a24-a2eb-86f37d1dbda4,1504067852001,2,倾听者,绿色
9774-2b854280-85e1-4a24-a2eb-86f37d1dbda4,1504067860764,3,倾听者,绿色
9774-2b854280-85e1-4a24-a2eb-86f37d1dbda4,1504067870552,4,倾听者,绿色
9774-2b854280-85e1-4a24-a2eb-86f37d1dbda4,1504067880287,5,倾听者,绿色
9774-2b854280-85e1-4a24-a2eb-86f37d1dbda4,1504067888002,6,倾听者,绿色
9774-2b854280-85e1-4a24-a2eb-86f37d1dbda4,1504067896112,7,倾听者,绿色
9774-2b854280-85e1-4a24-a2eb-86f37d1dbda4,1504067904721,8,倾听者,绿色
9774-2b854280-85e1-4a24-a2eb-86f37d1dbda4,1504067913122,9,倾听者,绿色
9774-2b854280-85e1-4a24-a2eb-86f37d1dbda4,1504067920902,10,倾听者,绿色
9774-2b854280-85e1-4a24-a2eb-86f37d1dbda4,1504067930503,11,倾听者,绿色
9774-2b854280-85e1-4a24-a2eb-86f37d1dbda4,1504067939126,12,倾听者,绿色
9774-2b854280-85e1-4a24-a2eb-86f37d1dbda4,1504067951945,13,倾听者,绿色
9774-2b854280-85e1-4a24-a2eb-86f37d1dbda4,1504067962891,14,倾听者,绿色
9774-2b854280-85e1-4a24-a2eb-86f37d1dbda4,1504067971700,15,倾听者,绿色
9774-2b854280-85e1-4a24-a2eb-86f37d1dbda4,1504067980662,16,倾听者,绿色
9774-2b854280-85e1-4a24-a2eb-86f37d1dbda4,1504067994463,17,倾听者,绿色
9774-2b854280-85e1-4a24-a2eb-86f37d1dbda4,1504068013474,18,倾听者,黑暗
9774-2b854280-85e1-4a24-a2eb-86f37d1dbda4,1504068020873,19,倾听者,黑暗
9774-2b854280-85e1-4a24-a2eb-86f37d1dbda4,1504068031263,20,倾听者,黑暗
9774-2b854280-85e1-4a24-a2eb-86f37d1dbda4,1504068040354,21,倾听者,黑暗
9774-2b854280-85e1-4a24-a2eb-86f37d1dbda4,1504068049334,22,倾听者,黑暗
9774-2b854280-85e1-4a24-a2eb-86f37d1dbda4,1504068057964,23,倾听者,黑暗
9774-2b854280-85e1-4a24-a2eb-86f37d1dbda4,1504068067126,24,倾听者,黑暗
9774-2b854280-85e1-4a24-a2eb-86f37d1dbda4,1504068074504,25,倾听者,黑暗
9774-2b854280-85e1-4a24-a2eb-86f37d1dbda4,1504068085546,26,倾听者,黑暗
9774-2b854280-85e1-4a24-a2eb-86f37d1dbda4,1504068094493,27,倾听者,黑暗
9774-2b854280-85e1-4a24-a2eb-86f37d1dbda4,1504068102690,28,倾听者,黑暗
9774-2b854280-85e1-4a24-a2eb-86f37d1dbda4,1504068110448,29,倾听者,黑暗
9774-2b854280-85e1-4a24-a2eb-86f37d1dbda4,1504068118502,30,倾听者,黑暗
9774-2b854280-85e1-4a24-a2eb-86f37d1dbda4,1504068126803,31,倾听者,黑暗
9774-2b854280-85e1-4a24-a2eb-86f37d1dbda4,1504068134089,32,倾听者,黑暗
9774-2b854280-85e1-4a24-a2eb-86f37d1dbda4,1504068142625,33,倾听者,黑暗
9774-2b854280-85e1-4a24-a2eb-86f37d1dbda4,1504068152489,34,倾听者,黑暗
9774-2b854280-85e1-4a24-a2eb-86f37d1dbda4,1504068159280,35,演说者,?
9774-2b854280-85e1-4a24-a2eb-86f37d1dbda4,1504068160794,35,倾听者,黑暗
9774-2b854280-85e1-4a24-a2eb-86f37d1dbda4,1504068169634,36,倾听者,黑暗
9774-2b854280-85e1-4a24-a2eb-86f37d1dbda4,1504068181669,37,倾听者,黑暗
9774-2b854280-85e1-4a24-a2eb-86f37d1dbda4,1504068190875,38,倾听者,黑暗
9774-2b854280-85e1-4a24-a2eb-86f37d1dbda4,1504068199295,39,倾听者,黑暗
9774-2b854280-85e1-4a24-a2eb-86f37d1dbda4,1504068207082,40,倾听者,黑暗
9774-2b854280-85e1-4a24-a2eb-86f37d1dbda4,1504068215723,41,倾听者,黑暗
9774-2b854280-85e1-4a24-a2eb-86f37d1dbda4,1504068223645,42,倾听者,黑暗
9774-2b854280-85e1-4a24-a2eb-86f37d1dbda4,1504068231568,43,倾听者,黑暗
9774-2b854280-85e1-4a24-a2eb-86f37d1dbda4,1504068240347,44,倾听者,黑暗
9774-2b854280-85e1-4a24-a2eb-86f37d1dbda4,1504068248265,45,倾听者,黑暗
9774-2b854280-85e1-4a24-a2eb-86f37d1dbda4,1504068256366,46,倾听者,黑暗
9774-2b854280-85e1-4a24-a2eb-86f37d1dbda4,1504068263435,47,倾听者,黑暗
9774-2b854280-85e1-4a24-a2eb-86f37d1dbda4,1504068273063,48,倾听者,黑暗
9774-2b854280-85e1-4a24-a2eb-86f37d1dbda4,1504068286336,49,倾听者,黑暗
9774-2b854280-85e1-4a24-a2eb-86f37d1dbda4,1504068294645,50,倾听者,黑暗
9948-111db5e5-f5fb-479c-a10f-b993546f574c,1504141151888,1,倾听者,你好
9948-111db5e5-f5fb-479c-a10f-b993546f574c,1504141172067,1,倾听者,在吗？
9948-111db5e5-f5fb-479c-a10f-b993546f574c,1504146127936,1,倾听者,我大概选了哦
9948-111db5e5-f5fb-479c-a10f-b993546f574c,1504146141860,2,倾听者,大概选
9948-111db5e5-f5fb-479c-a10f-b993546f574c,1504146154299,3,倾听者,这样可以吗
9948-111db5e5-f5fb-479c-a10f-b993546f574c,1504146172014,4,倾听者,没人来我没办法推出
9948-111db5e5-f5fb-479c-a10f-b993546f574c,1504146174719,4,倾听者,退出
9948-111db5e5-f5fb-479c-a10f-b993546f574c,1504146187885,5,倾听者,这样可以吗
9948-111db5e5-f5fb-479c-a10f-b993546f574c,1504146197207,6,倾听者,这样可以吗
9948-111db5e5-f5fb-479c-a10f-b993546f574c,1504146204167,7,倾听者,这样可以吗
9948-111db5e5-f5fb-479c-a10f-b993546f574c,1504146210345,8,倾听者,这样可以吗
9948-111db5e5-f5fb-479c-a10f-b993546f574c,1504146216815,9,倾听者,这样可以吗
9948-111db5e5-f5fb-479c-a10f-b993546f574c,1504146223000,10,倾听者,这样可以吗
9948-111db5e5-f5fb-479c-a10f-b993546f574c,1504146228415,11,倾听者,这样可以吗
9948-111db5e5-f5fb-479c-a10f-b993546f574c,1504146233479,12,倾听者,这样可以吗
9948-111db5e5-f5fb-479c-a10f-b993546f574c,1504146239359,13,倾听者,这样可以吗
9948-111db5e5-f5fb-479c-a10f-b993546f574c,1504146244527,14,倾听者,这样可以吗
9948-111db5e5-f5fb-479c-a10f-b993546f574c,1504146250111,15,倾听者,这样可以吗
9948-111db5e5-f5fb-479c-a10f-b993546f574c,1504146254931,16,倾听者,这样可以吗
9948-111db5e5-f5fb-479c-a10f-b993546f574c,1504146260744,17,倾听者,这样可以吗
9948-111db5e5-f5fb-479c-a10f-b993546f574c,1504146266120,18,倾听者,这样可以吗
9948-111db5e5-f5fb-479c-a10f-b993546f574c,1504146272000,19,倾听者,这样可以吗
9948-111db5e5-f5fb-479c-a10f-b993546f574c,1504146277479,20,倾听者,这样可以吗
9948-111db5e5-f5fb-479c-a10f-b993546f574c,1504146283186,21,倾听者,这样可以吗
9948-111db5e5-f5fb-479c-a10f-b993546f574c,1504146288584,22,倾听者,这样可以吗
9948-111db5e5-f5fb-479c-a10f-b993546f574c,1504146294791,23,倾听者,这样可以吗
9948-111db5e5-f5fb-479c-a10f-b993546f574c,1504146300376,24,倾听者,这样可以吗
9948-111db5e5-f5fb-479c-a10f-b993546f574c,1504146305945,25,倾听者,这样可以吗
9948-111db5e5-f5fb-479c-a10f-b993546f574c,1504146313200,26,倾听者,这样可以吗
9948-111db5e5-f5fb-479c-a10f-b993546f574c,1504146319584,27,倾听者,这样可以吗
9948-111db5e5-f5fb-479c-a10f-b993546f574c,1504146326337,28,倾听者,这样可以吗
9948-111db5e5-f5fb-479c-a10f-b993546f574c,1504146331616,29,倾听者,这样可以吗
9948-111db5e5-f5fb-479c-a10f-b993546f574c,1504146336850,30,倾听者,这样可以吗
9948-111db5e5-f5fb-479c-a10f-b993546f574c,1504146342481,31,倾听者,这样可以吗
9948-111db5e5-f5fb-479c-a10f-b993546f574c,1504146348206,32,倾听者,这样可以吗
9948-111db5e5-f5fb-479c-a10f-b993546f574c,1504146383089,33,倾听者,这样可以吗
9948-111db5e5-f5fb-479c-a10f-b993546f574c,1504146389889,34,倾听者,这样可以吗
9948-111db5e5-f5fb-479c-a10f-b993546f574c,1504146395618,35,倾听者,这样可以吗
9948-111db5e5-f5fb-479c-a10f-b993546f574c,1504146401345,36,倾听者,这样可以吗
9948-111db5e5-f5fb-479c-a10f-b993546f574c,1504146407474,37,倾听者,这样可以吗
9948-111db5e5-f5fb-479c-a10f-b993546f574c,1504146415241,38,倾听者,这样可以吗
9948-111db5e5-f5fb-479c-a10f-b993546f574c,1504146420089,39,倾听者,这样可以吗
9948-111db5e5-f5fb-479c-a10f-b993546f574c,1504146425433,40,倾听者,这样可以吗
9948-111db5e5-f5fb-479c-a10f-b993546f574c,1504146430961,41,倾听者,这样可以吗
9948-111db5e5-f5fb-479c-a10f-b993546f574c,1504146438003,42,倾听者,这样可以吗
9948-111db5e5-f5fb-479c-a10f-b993546f574c,1504146442977,43,倾听者,这样可以吗
9948-111db5e5-f5fb-479c-a10f-b993546f574c,1504146448497,44,倾听者,这样可以吗
9948-111db5e5-f5fb-479c-a10f-b993546f574c,1504146454562,45,倾听者,这样可以吗
9948-111db5e5-f5fb-479c-a10f-b993546f574c,1504146459985,46,倾听者,这样可以吗
9948-111db5e5-f5fb-479c-a10f-b993546f574c,1504146465937,47,倾听者,这样可以吗
9948-111db5e5-f5fb-479c-a10f-b993546f574c,1504146470626,48,倾听者,这样可以吗
9948-111db5e5-f5fb-479c-a10f-b993546f574c,1504146475542,49,倾听者,这样可以吗
9948-111db5e5-f5fb-479c-a10f-b993546f574c,1504146480692,50,倾听者,这样可以吗
3705-957c84bc-b173-4849-994e-f8334f0a068c,1504157839827,1,演说者,你好
3705-957c84bc-b173-4849-994e-f8334f0a068c,1504157842030,1,倾听者,黑暗
3705-957c84bc-b173-4849-994e-f8334f0a068c,1504157857469,2,倾听者,黑暗
3705-957c84bc-b173-4849-994e-f8334f0a068c,1504157865683,3,倾听者,黑暗
3705-957c84bc-b173-4849-994e-f8334f0a068c,1504157876655,4,倾听者,黑暗
3705-957c84bc-b173-4849-994e-f8334f0a068c,1504157885375,5,倾听者,黑暗
3705-957c84bc-b173-4849-994e-f8334f0a068c,1504157896017,6,倾听者,黑暗
3705-957c84bc-b173-4849-994e-f8334f0a068c,1504157913785,7,倾听者,黑暗
3705-957c84bc-b173-4849-994e-f8334f0a068c,1504157922277,8,倾听者,黑暗
3705-957c84bc-b173-4849-994e-f8334f0a068c,1504157930353,9,演说者,呃，什么？
3705-957c84bc-b173-4849-994e-f8334f0a068c,1504157933376,9,倾听者,黑暗
3705-957c84bc-b173-4849-994e-f8334f0a068c,1504157943376,10,倾听者,黑暗
3705-957c84bc-b173-4849-994e-f8334f0a068c,1504157952297,11,倾听者,黑暗
3705-957c84bc-b173-4849-994e-f8334f0a068c,1504157978120,12,演说者,蓝色
3705-957c84bc-b173-4849-994e-f8334f0a068c,1504157994585,12,倾听者,浅色
3705-957c84bc-b173-4849-994e-f8334f0a068c,1504158004540,13,倾听者,浅色
3705-957c84bc-b173-4849-994e-f8334f0a068c,1504158015857,14,倾听者,浅色
3705-957c84bc-b173-4849-994e-f8334f0a068c,1504158024909,15,倾听者,浅色
3705-957c84bc-b173-4849-994e-f8334f0a068c,1504158033950,16,倾听者,浅色
3705-957c84bc-b173-4849-994e-f8334f0a068c,1504158042462,17,倾听者,浅色
3705-957c84bc-b173-4849-994e-f8334f0a068c,1504158050301,18,倾听者,浅色
3705-957c84bc-b173-4849-994e-f8334f0a068c,1504158058148,19,倾听者,浅色
3705-957c84bc-b173-4849-994e-f8334f0a068c,1504158066688,20,倾听者,浅色
3705-957c84bc-b173-4849-994e-f8334f0a068c,1504158075865,21,倾听者,浅色
3705-957c84bc-b173-4849-994e-f8334f0a068c,1504158088677,22,倾听者,浅色
3705-957c84bc-b173-4849-994e-f8334f0a068c,1504158108002,23,倾听者,黑暗
3705-957c84bc-b173-4849-994e-f8334f0a068c,1504158121187,24,倾听者,黑暗
3705-957c84bc-b173-4849-994e-f8334f0a068c,1504158129621,25,倾听者,黑暗
3705-957c84bc-b173-4849-994e-f8334f0a068c,1504158139129,26,倾听者,黑暗
3705-957c84bc-b173-4849-994e-f8334f0a068c,1504158147858,27,倾听者,黑暗
3705-957c84bc-b173-4849-994e-f8334f0a068c,1504158155855,28,倾听者,黑暗
3705-957c84bc-b173-4849-994e-f8334f0a068c,1504158163704,29,倾听者,黑暗
3705-957c84bc-b173-4849-994e-f8334f0a068c,1504158171518,30,倾听者,黑暗
3705-957c84bc-b173-4849-994e-f8334f0a068c,1504158179376,31,倾听者,黑暗
3705-957c84bc-b173-4849-994e-f8334f0a068c,1504158187956,32,倾听者,黑暗
3705-957c84bc-b173-4849-994e-f8334f0a068c,1504158195551,33,倾听者,黑暗
3705-957c84bc-b173-4849-994e-f8334f0a068c,1504158203695,34,倾听者,黑暗
3705-957c84bc-b173-4849-994e-f8334f0a068c,1504158211224,35,倾听者,黑暗
3705-957c84bc-b173-4849-994e-f8334f0a068c,1504158220605,36,倾听者,黑暗
3705-957c84bc-b173-4849-994e-f8334f0a068c,1504158229815,37,倾听者,黑暗
3705-957c84bc-b173-4849-994e-f8334f0a068c,1504158237503,38,倾听者,黑暗
3705-957c84bc-b173-4849-994e-f8334f0a068c,1504158246025,39,倾听者,黑暗
3705-957c84bc-b173-4849-994e-f8334f0a068c,1504158254038,40,倾听者,黑暗
3705-957c84bc-b173-4849-994e-f8334f0a068c,1504158266335,41,倾听者,黑暗
3705-957c84bc-b173-4849-994e-f8334f0a068c,1504158277300,42,倾听者,黑暗
3705-957c84bc-b173-4849-994e-f8334f0a068c,1504158286331,43,倾听者,黑暗
3705-957c84bc-b173-4849-994e-f8334f0a068c,1504158293866,44,倾听者,黑暗
3705-957c84bc-b173-4849-994e-f8334f0a068c,1504158301871,45,倾听者,黑暗
3705-957c84bc-b173-4849-994e-f8334f0a068c,1504158311815,46,倾听者,黑暗
3705-957c84bc-b173-4849-994e-f8334f0a068c,1504158322572,47,倾听者,黑暗
3705-957c84bc-b173-4849-994e-f8334f0a068c,1504158333565,48,倾听者,黑暗
3705-957c84bc-b173-4849-994e-f8334f0a068c,1504158341380,49,倾听者,黑暗
3705-957c84bc-b173-4849-994e-f8334f0a068c,1504158349358,50,倾听者,黑暗
8165-20800829-2a8a-4f35-841a-df601b2b69e5,1504159058187,1,演说者,hi
8165-20800829-2a8a-4f35-841a-df601b2b69e5,1504159062743,1,倾听者,橙子
8165-20800829-2a8a-4f35-841a-df601b2b69e5,1504159086703,2,倾听者,黑暗
8165-20800829-2a8a-4f35-841a-df601b2b69e5,1504159096164,3,倾听者,黑暗
8165-20800829-2a8a-4f35-841a-df601b2b69e5,1504159104403,4,倾听者,黑暗
8165-20800829-2a8a-4f35-841a-df601b2b69e5,1504159118307,5,倾听者,黑暗
8165-20800829-2a8a-4f35-841a-df601b2b69e5,1504159135440,6,演说者,红色
8165-20800829-2a8a-4f35-841a-df601b2b69e5,1504159154635,7,倾听者,黑暗
8165-20800829-2a8a-4f35-841a-df601b2b69e5,1504159166664,8,倾听者,黑暗
8165-20800829-2a8a-4f35-841a-df601b2b69e5,1504159176386,9,倾听者,黑暗
8165-20800829-2a8a-4f35-841a-df601b2b69e5,1504159184805,10,倾听者,黑暗
8165-20800829-2a8a-4f35-841a-df601b2b69e5,1504159194874,11,倾听者,黑暗
8165-20800829-2a8a-4f35-841a-df601b2b69e5,1504159204285,12,倾听者,黑暗
8165-20800829-2a8a-4f35-841a-df601b2b69e5,1504159212940,13,倾听者,黑暗
8165-20800829-2a8a-4f35-841a-df601b2b69e5,1504159220517,14,倾听者,黑暗
8165-20800829-2a8a-4f35-841a-df601b2b69e5,1504159230003,15,倾听者,黑暗
8165-20800829-2a8a-4f35-841a-df601b2b69e5,1504159238270,16,倾听者,黑暗
8165-20800829-2a8a-4f35-841a-df601b2b69e5,1504159247014,17,倾听者,黑暗
8165-20800829-2a8a-4f35-841a-df601b2b69e5,1504159255963,18,倾听者,黑暗
8165-20800829-2a8a-4f35-841a-df601b2b69e5,1504159263458,19,倾听者,黑暗
8165-20800829-2a8a-4f35-841a-df601b2b69e5,1504159271072,20,倾听者,黑暗
8165-20800829-2a8a-4f35-841a-df601b2b69e5,1504159278797,21,倾听者,黑暗
8165-20800829-2a8a-4f35-841a-df601b2b69e5,1504159286253,22,倾听者,黑暗
8165-20800829-2a8a-4f35-841a-df601b2b69e5,1504159294034,23,倾听者,黑暗
8165-20800829-2a8a-4f35-841a-df601b2b69e5,1504159301509,24,倾听者,黑暗
8165-20800829-2a8a-4f35-841a-df601b2b69e5,1504159311024,25,倾听者,黑暗
8165-20800829-2a8a-4f35-841a-df601b2b69e5,1504159319825,26,倾听者,黑暗
8165-20800829-2a8a-4f35-841a-df601b2b69e5,1504159327864,27,倾听者,黑暗
8165-20800829-2a8a-4f35-841a-df601b2b69e5,1504159336559,28,倾听者,黑暗
8165-20800829-2a8a-4f35-841a-df601b2b69e5,1504159344883,29,倾听者,黑暗
8165-20800829-2a8a-4f35-841a-df601b2b69e5,1504159353543,30,倾听者,黑暗
8165-20800829-2a8a-4f35-841a-df601b2b69e5,1504159361165,31,倾听者,黑暗
8165-20800829-2a8a-4f35-841a-df601b2b69e5,1504159369415,32,倾听者,黑暗
8165-20800829-2a8a-4f35-841a-df601b2b69e5,1504159377174,33,倾听者,黑暗
8165-20800829-2a8a-4f35-841a-df601b2b69e5,1504159385385,34,倾听者,黑暗
8165-20800829-2a8a-4f35-841a-df601b2b69e5,1504159394273,35,倾听者,黑暗
8165-20800829-2a8a-4f35-841a-df601b2b69e5,1504159402715,36,倾听者,黑暗
8165-20800829-2a8a-4f35-841a-df601b2b69e5,1504159411734,37,倾听者,黑暗
8165-20800829-2a8a-4f35-841a-df601b2b69e5,1504159419690,38,倾听者,黑暗
8165-20800829-2a8a-4f35-841a-df601b2b69e5,1504159427371,39,倾听者,黑暗
8165-20800829-2a8a-4f35-841a-df601b2b69e5,1504159434923,40,倾听者,黑暗
8165-20800829-2a8a-4f35-841a-df601b2b69e5,1504159442398,41,倾听者,黑暗
8165-20800829-2a8a-4f35-841a-df601b2b69e5,1504159449777,42,倾听者,黑暗
8165-20800829-2a8a-4f35-841a-df601b2b69e5,1504159457318,43,倾听者,黑暗
8165-20800829-2a8a-4f35-841a-df601b2b69e5,1504159465123,44,倾听者,黑暗
8165-20800829-2a8a-4f35-841a-df601b2b69e5,1504159473203,45,倾听者,黑暗
8165-20800829-2a8a-4f35-841a-df601b2b69e5,1504159481353,46,倾听者,黑暗
8165-20800829-2a8a-4f35-841a-df601b2b69e5,1504159489119,47,倾听者,黑暗
8165-20800829-2a8a-4f35-841a-df601b2b69e5,1504159496873,48,倾听者,黑暗
8165-20800829-2a8a-4f35-841a-df601b2b69e5,1504159508537,49,倾听者,黑暗
8165-20800829-2a8a-4f35-841a-df601b2b69e5,1504159519627,50,倾听者,黑暗
2592-35847505-7403-44f7-9d7f-8999f9f20fd4,1504414442320,1,倾听者,黑暗
2592-35847505-7403-44f7-9d7f-8999f9f20fd4,1504414449476,2,倾听者,黑暗
2592-35847505-7403-44f7-9d7f-8999f9f20fd4,1504414458356,3,倾听者,黑暗
2592-35847505-7403-44f7-9d7f-8999f9f20fd4,1504414466346,4,倾听者,黑暗
2592-35847505-7403-44f7-9d7f-8999f9f20fd4,1504414474137,5,倾听者,黑暗
2592-35847505-7403-44f7-9d7f-8999f9f20fd4,1504414491916,6,倾听者,黑暗
2592-35847505-7403-44f7-9d7f-8999f9f20fd4,1504414499428,7,倾听者,黑暗
2592-35847505-7403-44f7-9d7f-8999f9f20fd4,1504414507016,8,倾听者,黑暗
2592-35847505-7403-44f7-9d7f-8999f9f20fd4,1504414516607,9,倾听者,黑暗
2592-35847505-7403-44f7-9d7f-8999f9f20fd4,1504414526568,10,倾听者,黑暗
2592-35847505-7403-44f7-9d7f-8999f9f20fd4,1504414538906,11,倾听者,黑暗
2592-35847505-7403-44f7-9d7f-8999f9f20fd4,1504414547167,12,倾听者,黑暗
2592-35847505-7403-44f7-9d7f-8999f9f20fd4,1504414555877,13,倾听者,黑暗
2592-35847505-7403-44f7-9d7f-8999f9f20fd4,1504414565542,14,倾听者,黑暗
2592-35847505-7403-44f7-9d7f-8999f9f20fd4,1504414573437,15,倾听者,黑暗
2592-35847505-7403-44f7-9d7f-8999f9f20fd4,1504414581626,16,倾听者,黑暗
2592-35847505-7403-44f7-9d7f-8999f9f20fd4,1504414591997,17,倾听者,黑暗
2592-35847505-7403-44f7-9d7f-8999f9f20fd4,1504414601597,18,倾听者,黑暗
2592-35847505-7403-44f7-9d7f-8999f9f20fd4,1504414614777,19,倾听者,黑暗
2592-35847505-7403-44f7-9d7f-8999f9f20fd4,1504414628217,20,倾听者,黑暗
2592-35847505-7403-44f7-9d7f-8999f9f20fd4,1504414636086,21,倾听者,黑暗
2592-35847505-7403-44f7-9d7f-8999f9f20fd4,1504414647406,22,倾听者,黑暗
2592-35847505-7403-44f7-9d7f-8999f9f20fd4,1504414655736,23,倾听者,黑暗
2592-35847505-7403-44f7-9d7f-8999f9f20fd4,1504414665047,24,倾听者,黑暗
2592-35847505-7403-44f7-9d7f-8999f9f20fd4,1504414673286,25,倾听者,黑暗
2592-35847505-7403-44f7-9d7f-8999f9f20fd4,1504414681276,26,倾听者,黑暗
2592-35847505-7403-44f7-9d7f-8999f9f20fd4,1504414690516,27,倾听者,黑暗
2592-35847505-7403-44f7-9d7f-8999f9f20fd4,1504414699236,28,倾听者,黑暗
2592-35847505-7403-44f7-9d7f-8999f9f20fd4,1504414707047,29,倾听者,黑暗
2592-35847505-7403-44f7-9d7f-8999f9f20fd4,1504414716756,30,倾听者,黑暗
2592-35847505-7403-44f7-9d7f-8999f9f20fd4,1504414726197,31,倾听者,黑暗
2592-35847505-7403-44f7-9d7f-8999f9f20fd4,1504414734556,32,倾听者,黑暗
2592-35847505-7403-44f7-9d7f-8999f9f20fd4,1504414743037,33,倾听者,黑暗
2592-35847505-7403-44f7-9d7f-8999f9f20fd4,1504414752257,34,倾听者,黑暗
2592-35847505-7403-44f7-9d7f-8999f9f20fd4,1504414760335,35,倾听者,黑暗
2592-35847505-7403-44f7-9d7f-8999f9f20fd4,1504414768477,36,倾听者,黑暗
2592-35847505-7403-44f7-9d7f-8999f9f20fd4,1504414778608,37,倾听者,黑暗
2592-35847505-7403-44f7-9d7f-8999f9f20fd4,1504414787886,38,倾听者,黑暗
2592-35847505-7403-44f7-9d7f-8999f9f20fd4,1504414798056,39,倾听者,黑暗
2592-35847505-7403-44f7-9d7f-8999f9f20fd4,1504414809386,40,倾听者,黑暗
2592-35847505-7403-44f7-9d7f-8999f9f20fd4,1504414816916,41,倾听者,黑暗
2592-35847505-7403-44f7-9d7f-8999f9f20fd4,1504414826936,42,倾听者,黑暗
2592-35847505-7403-44f7-9d7f-8999f9f20fd4,1504414835187,43,倾听者,黑暗
2592-35847505-7403-44f7-9d7f-8999f9f20fd4,1504414843519,44,倾听者,黑暗
2592-35847505-7403-44f7-9d7f-8999f9f20fd4,1504414853486,45,倾听者,黑暗
2592-35847505-7403-44f7-9d7f-8999f9f20fd4,1504414861356,46,倾听者,黑暗
2592-35847505-7403-44f7-9d7f-8999f9f20fd4,1504414870319,47,倾听者,黑暗
2592-35847505-7403-44f7-9d7f-8999f9f20fd4,1504414878451,48,倾听者,黑暗
2592-35847505-7403-44f7-9d7f-8999f9f20fd4,1504414887170,49,演说者,绿
2592-35847505-7403-44f7-9d7f-8999f9f20fd4,1504414887307,49,倾听者,黑暗
2592-35847505-7403-44f7-9d7f-8999f9f20fd4,1504414895715,50,演说者,紫
2592-35847505-7403-44f7-9d7f-8999f9f20fd4,1504414895764,50,倾听者,黑暗
3490-adc805c8-3074-4d6a-ac51-88f1c703bdc6,1504557143896,1,倾听者,？？
3490-adc805c8-3074-4d6a-ac51-88f1c703bdc6,1504557161440,2,倾听者,？？
3490-adc805c8-3074-4d6a-ac51-88f1c703bdc6,1504557170708,3,倾听者,？？
3490-adc805c8-3074-4d6a-ac51-88f1c703bdc6,1504557650970,4,倾听者,颜色
3490-adc805c8-3074-4d6a-ac51-88f1c703bdc6,1504557661940,5,倾听者,颜色
3490-adc805c8-3074-4d6a-ac51-88f1c703bdc6,1504557668144,6,倾听者,颜色
3490-adc805c8-3074-4d6a-ac51-88f1c703bdc6,1504557675049,7,倾听者,颜色
3490-adc805c8-3074-4d6a-ac51-88f1c703bdc6,1504557684352,8,倾听者,颜色
3490-adc805c8-3074-4d6a-ac51-88f1c703bdc6,1504557834952,9,倾听者,颜色
3490-adc805c8-3074-4d6a-ac51-88f1c703bdc6,1504557841900,10,倾听者,颜色
3490-adc805c8-3074-4d6a-ac51-88f1c703bdc6,1504557855219,11,倾听者,颜色
3490-adc805c8-3074-4d6a-ac51-88f1c703bdc6,1504557862284,12,倾听者,颜色
3490-adc805c8-3074-4d6a-ac51-88f1c703bdc6,1504557870003,13,倾听者,颜色
3490-adc805c8-3074-4d6a-ac51-88f1c703bdc6,1504557876329,14,倾听者,颜色
3490-adc805c8-3074-4d6a-ac51-88f1c703bdc6,1504557881768,15,倾听者,颜色
3490-adc805c8-3074-4d6a-ac51-88f1c703bdc6,1504557889086,16,倾听者,颜色
3490-adc805c8-3074-4d6a-ac51-88f1c703bdc6,1504557899504,17,倾听者,颜色
3490-adc805c8-3074-4d6a-ac51-88f1c703bdc6,1504557905200,18,倾听者,颜色
3490-adc805c8-3074-4d6a-ac51-88f1c703bdc6,1504557921303,19,倾听者,颜色
3490-adc805c8-3074-4d6a-ac51-88f1c703bdc6,1504557930448,20,倾听者,颜色
3490-adc805c8-3074-4d6a-ac51-88f1c703bdc6,1504557939216,21,倾听者,颜色
3490-adc805c8-3074-4d6a-ac51-88f1c703bdc6,1504557945286,22,倾听者,颜色
3490-adc805c8-3074-4d6a-ac51-88f1c703bdc6,1504557954050,23,倾听者,颜色
3490-adc805c8-3074-4d6a-ac51-88f1c703bdc6,1504557961860,24,倾听者,颜色
3490-adc805c8-3074-4d6a-ac51-88f1c703bdc6,1504557972821,25,倾听者,颜色
3490-adc805c8-3074-4d6a-ac51-88f1c703bdc6,1504557977904,26,倾听者,颜色
3490-adc805c8-3074-4d6a-ac51-88f1c703bdc6,1504557990240,27,倾听者,颜色
3490-adc805c8-3074-4d6a-ac51-88f1c703bdc6,1504557998071,28,倾听者,颜色
3490-adc805c8-3074-4d6a-ac51-88f1c703bdc6,1504558004916,29,倾听者,颜色
3490-adc805c8-3074-4d6a-ac51-88f1c703bdc6,1504558011752,30,倾听者,颜色
3490-adc805c8-3074-4d6a-ac51-88f1c703bdc6,1504558022771,31,倾听者,颜色
3490-adc805c8-3074-4d6a-ac51-88f1c703bdc6,1504558028869,32,倾听者,颜色
3490-adc805c8-3074-4d6a-ac51-88f1c703bdc6,1504558043304,33,倾听者,颜色
3490-adc805c8-3074-4d6a-ac51-88f1c703bdc6,1504558052380,34,倾听者,颜色
3490-adc805c8-3074-4d6a-ac51-88f1c703bdc6,1504558058199,35,倾听者,颜色
3490-adc805c8-3074-4d6a-ac51-88f1c703bdc6,1504558064528,36,倾听者,颜色
3490-adc805c8-3074-4d6a-ac51-88f1c703bdc6,1504558072388,37,倾听者,颜色
3490-adc805c8-3074-4d6a-ac51-88f1c703bdc6,1504558078800,38,倾听者,颜色
3490-adc805c8-3074-4d6a-ac51-88f1c703bdc6,1504558086103,39,倾听者,颜色
3490-adc805c8-3074-4d6a-ac51-88f1c703bdc6,1504558096308,40,倾听者,颜色
3490-adc805c8-3074-4d6a-ac51-88f1c703bdc6,1504558103764,41,倾听者,颜色
3490-adc805c8-3074-4d6a-ac51-88f1c703bdc6,1504558108811,42,倾听者,颜色
3490-adc805c8-3074-4d6a-ac51-88f1c703bdc6,1504558122184,43,倾听者,颜色
3490-adc805c8-3074-4d6a-ac51-88f1c703bdc6,1504558131379,44,倾听者,颜色
3490-adc805c8-3074-4d6a-ac51-88f1c703bdc6,1504558139050,45,倾听者,颜色
3490-adc805c8-3074-4d6a-ac51-88f1c703bdc6,1504558149252,46,倾听者,颜色
3490-adc805c8-3074-4d6a-ac51-88f1c703bdc6,1504558154121,47,倾听者,颜色
3490-adc805c8-3074-4d6a-ac51-88f1c703bdc6,1504558158979,48,倾听者,颜色
3490-adc805c8-3074-4d6a-ac51-88f1c703bdc6,1504558163708,49,倾听者,颜色
3490-adc805c8-3074-4d6a-ac51-88f1c703bdc6,1504558168488,50,倾听者,颜色
4292-96d67da1-9091-4762-a782-b4496f7eb849,1504560619528,1,倾听者,黑暗
4292-96d67da1-9091-4762-a782-b4496f7eb849,1504560628838,2,倾听者,黑暗
4292-96d67da1-9091-4762-a782-b4496f7eb849,1504560672249,3,倾听者,黑暗
4292-96d67da1-9091-4762-a782-b4496f7eb849,1504560706180,4,倾听者,黑暗
4292-96d67da1-9091-4762-a782-b4496f7eb849,1504560717777,5,倾听者,黑暗
4292-96d67da1-9091-4762-a782-b4496f7eb849,1504560726120,6,倾听者,黑暗
4292-96d67da1-9091-4762-a782-b4496f7eb849,1504560741197,7,倾听者,黑暗
4292-96d67da1-9091-4762-a782-b4496f7eb849,1504560752500,8,倾听者,黑暗
4292-96d67da1-9091-4762-a782-b4496f7eb849,1504560760236,9,倾听者,黑暗
4292-96d67da1-9091-4762-a782-b4496f7eb849,1504560768170,10,倾听者,黑暗
4292-96d67da1-9091-4762-a782-b4496f7eb849,1504560779020,11,倾听者,黑暗
4292-96d67da1-9091-4762-a782-b4496f7eb849,1504560787187,12,倾听者,黑暗
4292-96d67da1-9091-4762-a782-b4496f7eb849,1504560794822,13,倾听者,黑暗
4292-96d67da1-9091-4762-a782-b4496f7eb849,1504560802928,14,倾听者,黑暗
4292-96d67da1-9091-4762-a782-b4496f7eb849,1504560811237,15,倾听者,黑暗
4292-96d67da1-9091-4762-a782-b4496f7eb849,1504560819740,16,倾听者,黑暗
4292-96d67da1-9091-4762-a782-b4496f7eb849,1504560828230,17,倾听者,黑暗
4292-96d67da1-9091-4762-a782-b4496f7eb849,1504560839017,18,倾听者,黑暗
4292-96d67da1-9091-4762-a782-b4496f7eb849,1504560853487,19,倾听者,黑暗
4292-96d67da1-9091-4762-a782-b4496f7eb849,1504560862040,20,倾听者,黑暗
4292-96d67da1-9091-4762-a782-b4496f7eb849,1504560898927,21,倾听者,黑暗
4292-96d67da1-9091-4762-a782-b4496f7eb849,1504560909408,22,倾听者,黑暗
4292-96d67da1-9091-4762-a782-b4496f7eb849,1504560917827,23,倾听者,黑暗
4292-96d67da1-9091-4762-a782-b4496f7eb849,1504560927240,24,倾听者,黑暗
4292-96d67da1-9091-4762-a782-b4496f7eb849,1504560940427,25,倾听者,黑暗
4292-96d67da1-9091-4762-a782-b4496f7eb849,1504560948101,26,倾听者,黑暗
4292-96d67da1-9091-4762-a782-b4496f7eb849,1504560956877,27,倾听者,黑暗
4292-96d67da1-9091-4762-a782-b4496f7eb849,1504560965712,28,倾听者,黑暗
4292-96d67da1-9091-4762-a782-b4496f7eb849,1504560976227,29,倾听者,黑暗
4292-96d67da1-9091-4762-a782-b4496f7eb849,1504560985117,30,倾听者,黑暗
4292-96d67da1-9091-4762-a782-b4496f7eb849,1504560994524,31,倾听者,黑暗
4292-96d67da1-9091-4762-a782-b4496f7eb849,1504561003696,32,倾听者,黑暗
4292-96d67da1-9091-4762-a782-b4496f7eb849,1504561024440,33,倾听者,黑暗
4292-96d67da1-9091-4762-a782-b4496f7eb849,1504561033458,34,倾听者,黑暗
4292-96d67da1-9091-4762-a782-b4496f7eb849,1504561041720,35,倾听者,黑暗
4292-96d67da1-9091-4762-a782-b4496f7eb849,1504561052047,36,倾听者,黑暗
4292-96d67da1-9091-4762-a782-b4496f7eb849,1504561061354,37,倾听者,黑暗
4292-96d67da1-9091-4762-a782-b4496f7eb849,1504561070232,38,倾听者,黑暗
4292-96d67da1-9091-4762-a782-b4496f7eb849,1504561083267,39,倾听者,黑暗
4292-96d67da1-9091-4762-a782-b4496f7eb849,1504561092092,40,倾听者,黑暗
4292-96d67da1-9091-4762-a782-b4496f7eb849,1504561100487,41,倾听者,黑暗
4292-96d67da1-9091-4762-a782-b4496f7eb849,1504561112208,42,倾听者,黑暗
4292-96d67da1-9091-4762-a782-b4496f7eb849,1504561119761,43,倾听者,黑暗
4292-96d67da1-9091-4762-a782-b4496f7eb849,1504561127972,44,倾听者,黑暗
4292-96d67da1-9091-4762-a782-b4496f7eb849,1504561136709,45,倾听者,黑暗
4292-96d67da1-9091-4762-a782-b4496f7eb849,1504561148879,46,倾听者,黑暗
4292-96d67da1-9091-4762-a782-b4496f7eb849,1504561157500,47,倾听者,黑暗
4292-96d67da1-9091-4762-a782-b4496f7eb849,1504561165937,48,倾听者,黑暗
4292-96d67da1-9091-4762-a782-b4496f7eb849,1504561174277,49,倾听者,黑暗
4292-96d67da1-9091-4762-a782-b4496f7eb849,1504561188871,50,倾听者,黑暗
6922-ef89eb7a-4986-49ec-bed9-d7458fe7d6fd,1504561350032,1,倾听者,黑暗
6922-ef89eb7a-4986-49ec-bed9-d7458fe7d6fd,1504561360802,2,倾听者,黑暗
6922-ef89eb7a-4986-49ec-bed9-d7458fe7d6fd,1504561369542,3,倾听者,黑暗
6922-ef89eb7a-4986-49ec-bed9-d7458fe7d6fd,1504561377822,4,倾听者,黑暗
6922-ef89eb7a-4986-49ec-bed9-d7458fe7d6fd,1504561386532,5,倾听者,黑暗
6922-ef89eb7a-4986-49ec-bed9-d7458fe7d6fd,1504561394681,6,倾听者,黑暗
6922-ef89eb7a-4986-49ec-bed9-d7458fe7d6fd,1504561403562,7,倾听者,黑暗
6922-ef89eb7a-4986-49ec-bed9-d7458fe7d6fd,1504561412491,8,倾听者,黑暗
6922-ef89eb7a-4986-49ec-bed9-d7458fe7d6fd,1504561420624,9,倾听者,黑暗
6922-ef89eb7a-4986-49ec-bed9-d7458fe7d6fd,1504561429498,10,倾听者,黑暗
6922-ef89eb7a-4986-49ec-bed9-d7458fe7d6fd,1504561441844,11,倾听者,黑暗
6922-ef89eb7a-4986-49ec-bed9-d7458fe7d6fd,1504561450892,12,倾听者,黑暗
6922-ef89eb7a-4986-49ec-bed9-d7458fe7d6fd,1504561459684,13,倾听者,黑暗
6922-ef89eb7a-4986-49ec-bed9-d7458fe7d6fd,1504561469362,14,倾听者,黑暗
6922-ef89eb7a-4986-49ec-bed9-d7458fe7d6fd,1504561481244,15,倾听者,黑暗
6922-ef89eb7a-4986-49ec-bed9-d7458fe7d6fd,1504561489752,16,倾听者,黑暗
6922-ef89eb7a-4986-49ec-bed9-d7458fe7d6fd,1504561498392,17,倾听者,黑暗
6922-ef89eb7a-4986-49ec-bed9-d7458fe7d6fd,1504561513132,18,倾听者,黑暗
6922-ef89eb7a-4986-49ec-bed9-d7458fe7d6fd,1504561546288,19,演说者,黑暗
6922-ef89eb7a-4986-49ec-bed9-d7458fe7d6fd,1504561568648,19,倾听者,黑暗
6922-ef89eb7a-4986-49ec-bed9-d7458fe7d6fd,1504561579707,20,演说者,黑暗
6922-ef89eb7a-4986-49ec-bed9-d7458fe7d6fd,1504561596321,20,倾听者,黑暗
6922-ef89eb7a-4986-49ec-bed9-d7458fe7d6fd,1504561604862,21,倾听者,黑暗
6922-ef89eb7a-4986-49ec-bed9-d7458fe7d6fd,1504561613584,22,倾听者,黑暗
6922-ef89eb7a-4986-49ec-bed9-d7458fe7d6fd,1504561621592,23,倾听者,黑暗
6922-ef89eb7a-4986-49ec-bed9-d7458fe7d6fd,1504561637173,24,倾听者,黑暗
6922-ef89eb7a-4986-49ec-bed9-d7458fe7d6fd,1504561650624,25,倾听者,黑暗
6922-ef89eb7a-4986-49ec-bed9-d7458fe7d6fd,1504561657784,26,倾听者,黑暗
6922-ef89eb7a-4986-49ec-bed9-d7458fe7d6fd,1504561666922,27,倾听者,黑暗
6922-ef89eb7a-4986-49ec-bed9-d7458fe7d6fd,1504561676351,28,倾听者,黑暗
6922-ef89eb7a-4986-49ec-bed9-d7458fe7d6fd,1504561683982,29,倾听者,黑暗
6922-ef89eb7a-4986-49ec-bed9-d7458fe7d6fd,1504561692822,30,倾听者,黑暗
6922-ef89eb7a-4986-49ec-bed9-d7458fe7d6fd,1504561701184,31,倾听者,黑暗
6922-ef89eb7a-4986-49ec-bed9-d7458fe7d6fd,1504561708712,32,倾听者,黑暗
6922-ef89eb7a-4986-49ec-bed9-d7458fe7d6fd,1504561717174,33,倾听者,黑暗
6922-ef89eb7a-4986-49ec-bed9-d7458fe7d6fd,1504561725282,34,倾听者,黑暗
6922-ef89eb7a-4986-49ec-bed9-d7458fe7d6fd,1504561733184,35,倾听者,黑暗
6922-ef89eb7a-4986-49ec-bed9-d7458fe7d6fd,1504561741586,36,倾听者,黑暗
6922-ef89eb7a-4986-49ec-bed9-d7458fe7d6fd,1504561752902,37,倾听者,黑暗
6922-ef89eb7a-4986-49ec-bed9-d7458fe7d6fd,1504561762484,38,倾听者,黑暗
6922-ef89eb7a-4986-49ec-bed9-d7458fe7d6fd,1504561770444,39,倾听者,黑暗
6922-ef89eb7a-4986-49ec-bed9-d7458fe7d6fd,1504561778262,40,倾听者,黑暗
6922-ef89eb7a-4986-49ec-bed9-d7458fe7d6fd,1504561786871,41,倾听者,黑暗
6922-ef89eb7a-4986-49ec-bed9-d7458fe7d6fd,1504561795932,42,倾听者,黑暗
6922-ef89eb7a-4986-49ec-bed9-d7458fe7d6fd,1504561804856,43,倾听者,黑暗
6922-ef89eb7a-4986-49ec-bed9-d7458fe7d6fd,1504561812802,44,倾听者,黑暗
6922-ef89eb7a-4986-49ec-bed9-d7458fe7d6fd,1504561821332,45,倾听者,黑暗
6922-ef89eb7a-4986-49ec-bed9-d7458fe7d6fd,1504561829672,46,倾听者,黑暗
6922-ef89eb7a-4986-49ec-bed9-d7458fe7d6fd,1504561838536,47,倾听者,黑暗
6922-ef89eb7a-4986-49ec-bed9-d7458fe7d6fd,1504561846765,48,倾听者,黑暗
6922-ef89eb7a-4986-49ec-bed9-d7458fe7d6fd,1504561854404,49,倾听者,黑暗
6922-ef89eb7a-4986-49ec-bed9-d7458fe7d6fd,1504561862942,50,倾听者,黑暗
9968-e4602c3d-3038-4fb1-a903-9d027de07607,1505265676422,1,倾听者,黑暗
9968-e4602c3d-3038-4fb1-a903-9d027de07607,1505265684561,2,倾听者,黑暗
9968-e4602c3d-3038-4fb1-a903-9d027de07607,1505265692731,3,倾听者,黑暗
9968-e4602c3d-3038-4fb1-a903-9d027de07607,1505265701882,4,倾听者,黑暗
9968-e4602c3d-3038-4fb1-a903-9d027de07607,1505265709942,5,倾听者,黑暗
9968-e4602c3d-3038-4fb1-a903-9d027de07607,1505265717733,6,倾听者,黑暗
9968-e4602c3d-3038-4fb1-a903-9d027de07607,1505265732863,7,演说者,灰色
9968-e4602c3d-3038-4fb1-a903-9d027de07607,1505265738281,7,倾听者,黑暗
9968-e4602c3d-3038-4fb1-a903-9d027de07607,1505265746632,8,倾听者,黑暗
9968-e4602c3d-3038-4fb1-a903-9d027de07607,1505265754751,9,倾听者,黑暗
9968-e4602c3d-3038-4fb1-a903-9d027de07607,1505265760583,10,演说者,蓝色
9968-e4602c3d-3038-4fb1-a903-9d027de07607,1505265763072,10,倾听者,黑暗
9968-e4602c3d-3038-4fb1-a903-9d027de07607,1505265770762,11,倾听者,黑暗
9968-e4602c3d-3038-4fb1-a903-9d027de07607,1505265777899,12,演说者,黄色
9968-e4602c3d-3038-4fb1-a903-9d027de07607,1505265780042,12,倾听者,黑暗
9968-e4602c3d-3038-4fb1-a903-9d027de07607,1505265788031,13,倾听者,黑暗
9968-e4602c3d-3038-4fb1-a903-9d027de07607,1505265795912,14,倾听者,黑暗
9968-e4602c3d-3038-4fb1-a903-9d027de07607,1505265796791,14,演说者,棕色
9968-e4602c3d-3038-4fb1-a903-9d027de07607,1505265804172,15,倾听者,黑暗
9968-e4602c3d-3038-4fb1-a903-9d027de07607,1505265812016,16,倾听者,黑暗
9968-e4602c3d-3038-4fb1-a903-9d027de07607,1505265819892,17,倾听者,黑暗
9968-e4602c3d-3038-4fb1-a903-9d027de07607,1505265828314,18,倾听者,黑暗
9968-e4602c3d-3038-4fb1-a903-9d027de07607,1505265836451,19,倾听者,黑暗
9968-e4602c3d-3038-4fb1-a903-9d027de07607,1505265844202,20,倾听者,黑暗
9968-e4602c3d-3038-4fb1-a903-9d027de07607,1505265852007,21,倾听者,黑暗
9968-e4602c3d-3038-4fb1-a903-9d027de07607,1505265859802,22,倾听者,黑暗
9968-e4602c3d-3038-4fb1-a903-9d027de07607,1505265868062,23,倾听者,黑暗
9968-e4602c3d-3038-4fb1-a903-9d027de07607,1505265877327,24,倾听者,黑暗
9968-e4602c3d-3038-4fb1-a903-9d027de07607,1505265885312,25,倾听者,黑暗
9968-e4602c3d-3038-4fb1-a903-9d027de07607,1505265894462,26,倾听者,黑暗
9968-e4602c3d-3038-4fb1-a903-9d027de07607,1505265902252,27,倾听者,黑暗
9968-e4602c3d-3038-4fb1-a903-9d027de07607,1505265910471,28,倾听者,黑暗
9968-e4602c3d-3038-4fb1-a903-9d027de07607,1505265919012,29,倾听者,黑暗
9968-e4602c3d-3038-4fb1-a903-9d027de07607,1505265926822,30,倾听者,黑暗
9968-e4602c3d-3038-4fb1-a903-9d027de07607,1505265942471,31,倾听者,黑暗
9968-e4602c3d-3038-4fb1-a903-9d027de07607,1505265952761,32,倾听者,黑暗
9968-e4602c3d-3038-4fb1-a903-9d027de07607,1505265968382,33,倾听者,黑暗
9968-e4602c3d-3038-4fb1-a903-9d027de07607,1505265976772,34,倾听者,黑暗
9968-e4602c3d-3038-4fb1-a903-9d027de07607,1505265984872,35,倾听者,黑暗
9968-e4602c3d-3038-4fb1-a903-9d027de07607,1505265992575,36,倾听者,黑暗
9968-e4602c3d-3038-4fb1-a903-9d027de07607,1505266000311,37,倾听者,黑暗
9968-e4602c3d-3038-4fb1-a903-9d027de07607,1505266009852,38,倾听者,黑暗
9968-e4602c3d-3038-4fb1-a903-9d027de07607,1505266017942,39,倾听者,黑暗
9968-e4602c3d-3038-4fb1-a903-9d027de07607,1505266025682,40,倾听者,黑暗
9968-e4602c3d-3038-4fb1-a903-9d027de07607,1505266035788,41,倾听者,黑暗
9968-e4602c3d-3038-4fb1-a903-9d027de07607,1505266043362,42,倾听者,黑暗
9968-e4602c3d-3038-4fb1-a903-9d027de07607,1505266051293,43,倾听者,黑暗
9968-e4602c3d-3038-4fb1-a903-9d027de07607,1505266060622,44,倾听者,黑暗
9968-e4602c3d-3038-4fb1-a903-9d027de07607,1505266069752,45,倾听者,黑暗
9968-e4602c3d-3038-4fb1-a903-9d027de07607,1505266077462,46,倾听者,黑暗
9968-e4602c3d-3038-4fb1-a903-9d027de07607,1505266085202,47,倾听者,黑暗
9968-e4602c3d-3038-4fb1-a903-9d027de07607,1505266093111,48,倾听者,黑暗
9968-e4602c3d-3038-4fb1-a903-9d027de07607,1505266101142,49,倾听者,黑暗
9968-e4602c3d-3038-4fb1-a903-9d027de07607,1505266108831,50,倾听者,黑暗
5396-f99dbd1f-6a7f-409f-8bd9-3bb073691cde,1505266178357,1,倾听者,黑暗
5396-f99dbd1f-6a7f-409f-8bd9-3bb073691cde,1505266186637,2,倾听者,黑暗
5396-f99dbd1f-6a7f-409f-8bd9-3bb073691cde,1505266194516,3,倾听者,黑暗
5396-f99dbd1f-6a7f-409f-8bd9-3bb073691cde,1505266202197,4,倾听者,黑暗
5396-f99dbd1f-6a7f-409f-8bd9-3bb073691cde,1505266211086,5,倾听者,黑暗
5396-f99dbd1f-6a7f-409f-8bd9-3bb073691cde,1505266262337,6,倾听者,黑暗
5396-f99dbd1f-6a7f-409f-8bd9-3bb073691cde,1505266270056,7,倾听者,黑暗
5396-f99dbd1f-6a7f-409f-8bd9-3bb073691cde,1505266277607,8,倾听者,黑暗
5396-f99dbd1f-6a7f-409f-8bd9-3bb073691cde,1505266285297,9,倾听者,黑暗
5396-f99dbd1f-6a7f-409f-8bd9-3bb073691cde,1505266292956,10,倾听者,黑暗
5396-f99dbd1f-6a7f-409f-8bd9-3bb073691cde,1505266300687,11,倾听者,黑暗
5396-f99dbd1f-6a7f-409f-8bd9-3bb073691cde,1505266308416,12,倾听者,黑暗
5396-f99dbd1f-6a7f-409f-8bd9-3bb073691cde,1505266317311,13,倾听者,黑暗
5396-f99dbd1f-6a7f-409f-8bd9-3bb073691cde,1505266324993,14,倾听者,黑暗
5396-f99dbd1f-6a7f-409f-8bd9-3bb073691cde,1505266332477,15,倾听者,黑暗
5396-f99dbd1f-6a7f-409f-8bd9-3bb073691cde,1505266341297,16,倾听者,黑暗
5396-f99dbd1f-6a7f-409f-8bd9-3bb073691cde,1505266349076,17,倾听者,黑暗
5396-f99dbd1f-6a7f-409f-8bd9-3bb073691cde,1505266368096,18,倾听者,黑暗
5396-f99dbd1f-6a7f-409f-8bd9-3bb073691cde,1505266377417,19,倾听者,黑暗
5396-f99dbd1f-6a7f-409f-8bd9-3bb073691cde,1505266385178,20,倾听者,黑暗
5396-f99dbd1f-6a7f-409f-8bd9-3bb073691cde,1505266393227,21,倾听者,黑暗
5396-f99dbd1f-6a7f-409f-8bd9-3bb073691cde,1505266400792,22,倾听者,黑暗
5396-f99dbd1f-6a7f-409f-8bd9-3bb073691cde,1505266408276,23,倾听者,黑暗
5396-f99dbd1f-6a7f-409f-8bd9-3bb073691cde,1505266415807,24,倾听者,黑暗
5396-f99dbd1f-6a7f-409f-8bd9-3bb073691cde,1505266426002,25,倾听者,黑暗
5396-f99dbd1f-6a7f-409f-8bd9-3bb073691cde,1505266433977,26,倾听者,黑暗
5396-f99dbd1f-6a7f-409f-8bd9-3bb073691cde,1505266441597,27,倾听者,黑暗
5396-f99dbd1f-6a7f-409f-8bd9-3bb073691cde,1505266449288,28,倾听者,黑暗
5396-f99dbd1f-6a7f-409f-8bd9-3bb073691cde,1505266460928,29,倾听者,黑暗
5396-f99dbd1f-6a7f-409f-8bd9-3bb073691cde,1505266480656,30,倾听者,黑暗
5396-f99dbd1f-6a7f-409f-8bd9-3bb073691cde,1505266488027,31,倾听者,黑暗
5396-f99dbd1f-6a7f-409f-8bd9-3bb073691cde,1505266495807,32,倾听者,黑暗
5396-f99dbd1f-6a7f-409f-8bd9-3bb073691cde,1505266505737,33,倾听者,黑暗
5396-f99dbd1f-6a7f-409f-8bd9-3bb073691cde,1505266513997,34,倾听者,黑暗
5396-f99dbd1f-6a7f-409f-8bd9-3bb073691cde,1505266522487,35,倾听者,黑暗
5396-f99dbd1f-6a7f-409f-8bd9-3bb073691cde,1505266530673,36,倾听者,黑暗
5396-f99dbd1f-6a7f-409f-8bd9-3bb073691cde,1505266538507,37,倾听者,黑暗
5396-f99dbd1f-6a7f-409f-8bd9-3bb073691cde,1505266546196,38,倾听者,黑暗
5396-f99dbd1f-6a7f-409f-8bd9-3bb073691cde,1505266554018,39,倾听者,黑暗
5396-f99dbd1f-6a7f-409f-8bd9-3bb073691cde,1505266563677,40,倾听者,黑暗
5396-f99dbd1f-6a7f-409f-8bd9-3bb073691cde,1505266571563,41,倾听者,黑暗
5396-f99dbd1f-6a7f-409f-8bd9-3bb073691cde,1505266594089,42,倾听者,黑暗
5396-f99dbd1f-6a7f-409f-8bd9-3bb073691cde,1505266601727,43,倾听者,黑暗
5396-f99dbd1f-6a7f-409f-8bd9-3bb073691cde,1505266609117,44,倾听者,黑暗
5396-f99dbd1f-6a7f-409f-8bd9-3bb073691cde,1505266616507,45,倾听者,黑暗
5396-f99dbd1f-6a7f-409f-8bd9-3bb073691cde,1505266624118,46,倾听者,黑暗
5396-f99dbd1f-6a7f-409f-8bd9-3bb073691cde,1505266635057,47,倾听者,黑暗
5396-f99dbd1f-6a7f-409f-8bd9-3bb073691cde,1505266644507,48,倾听者,黑暗
5396-f99dbd1f-6a7f-409f-8bd9-3bb073691cde,1505266652217,49,倾听者,黑暗
5396-f99dbd1f-6a7f-409f-8bd9-3bb073691cde,1505266661222,50,倾听者,黑暗
2224-22d919e2-e53a-4e0e-a820-391c84c00ace,1505271098177,1,倾听者,黑暗
2224-22d919e2-e53a-4e0e-a820-391c84c00ace,1505271111662,2,倾听者,黑暗
2224-22d919e2-e53a-4e0e-a820-391c84c00ace,1505271119848,3,倾听者,黑暗
2224-22d919e2-e53a-4e0e-a820-391c84c00ace,1505271127777,4,倾听者,黑暗
2224-22d919e2-e53a-4e0e-a820-391c84c00ace,1505271137428,5,倾听者,黑暗
2224-22d919e2-e53a-4e0e-a820-391c84c00ace,1505271145967,6,倾听者,黑暗
2224-22d919e2-e53a-4e0e-a820-391c84c00ace,1505271153777,7,倾听者,黑暗
2224-22d919e2-e53a-4e0e-a820-391c84c00ace,1505271162827,8,倾听者,黑暗
2224-22d919e2-e53a-4e0e-a820-391c84c00ace,1505271170847,9,倾听者,黑暗
2224-22d919e2-e53a-4e0e-a820-391c84c00ace,1505271181548,10,倾听者,黑暗
2224-22d919e2-e53a-4e0e-a820-391c84c00ace,1505271188990,11,倾听者,黑暗
2224-22d919e2-e53a-4e0e-a820-391c84c00ace,1505271196797,12,倾听者,黑暗
2224-22d919e2-e53a-4e0e-a820-391c84c00ace,1505271204447,13,倾听者,黑暗
2224-22d919e2-e53a-4e0e-a820-391c84c00ace,1505271212157,14,倾听者,黑暗
2224-22d919e2-e53a-4e0e-a820-391c84c00ace,1505271219708,15,倾听者,黑暗
2224-22d919e2-e53a-4e0e-a820-391c84c00ace,1505271227297,16,倾听者,黑暗
2224-22d919e2-e53a-4e0e-a820-391c84c00ace,1505271234887,17,倾听者,黑暗
2224-22d919e2-e53a-4e0e-a820-391c84c00ace,1505271248077,18,倾听者,黑暗
2224-22d919e2-e53a-4e0e-a820-391c84c00ace,1505271266897,19,倾听者,黑暗
2224-22d919e2-e53a-4e0e-a820-391c84c00ace,1505271276258,20,倾听者,黑暗
2224-22d919e2-e53a-4e0e-a820-391c84c00ace,1505271283927,21,倾听者,黑暗
2224-22d919e2-e53a-4e0e-a820-391c84c00ace,1505271307548,22,倾听者,黑暗
2224-22d919e2-e53a-4e0e-a820-391c84c00ace,1505271316868,23,倾听者,黑暗
2224-22d919e2-e53a-4e0e-a820-391c84c00ace,1505271331762,24,倾听者,黑暗
2224-22d919e2-e53a-4e0e-a820-391c84c00ace,1505271340587,25,倾听者,黑暗
2224-22d919e2-e53a-4e0e-a820-391c84c00ace,1505271349537,26,倾听者,黑暗
2224-22d919e2-e53a-4e0e-a820-391c84c00ace,1505271358127,27,倾听者,黑暗
2224-22d919e2-e53a-4e0e-a820-391c84c00ace,1505271366877,28,倾听者,黑暗
2224-22d919e2-e53a-4e0e-a820-391c84c00ace,1505271376827,29,倾听者,黑暗
2224-22d919e2-e53a-4e0e-a820-391c84c00ace,1505271385037,30,倾听者,黑暗
2224-22d919e2-e53a-4e0e-a820-391c84c00ace,1505271393262,31,倾听者,黑暗
2224-22d919e2-e53a-4e0e-a820-391c84c00ace,1505271401197,32,倾听者,黑暗
2224-22d919e2-e53a-4e0e-a820-391c84c00ace,1505271409097,33,倾听者,黑暗
2224-22d919e2-e53a-4e0e-a820-391c84c00ace,1505271418627,34,倾听者,黑暗
2224-22d919e2-e53a-4e0e-a820-391c84c00ace,1505271426574,35,倾听者,黑暗
2224-22d919e2-e53a-4e0e-a820-391c84c00ace,1505271435592,36,倾听者,黑暗
2224-22d919e2-e53a-4e0e-a820-391c84c00ace,1505271448796,37,倾听者,黑暗
2224-22d919e2-e53a-4e0e-a820-391c84c00ace,1505271456027,38,倾听者,黑暗
2224-22d919e2-e53a-4e0e-a820-391c84c00ace,1505271463786,39,倾听者,黑暗
2224-22d919e2-e53a-4e0e-a820-391c84c00ace,1505271471811,40,倾听者,黑暗
2224-22d919e2-e53a-4e0e-a820-391c84c00ace,1505271479587,41,倾听者,黑暗
2224-22d919e2-e53a-4e0e-a820-391c84c00ace,1505271487476,42,倾听者,黑暗
2224-22d919e2-e53a-4e0e-a820-391c84c00ace,1505271495417,43,倾听者,黑暗
2224-22d919e2-e53a-4e0e-a820-391c84c00ace,1505271503143,44,倾听者,黑暗
2224-22d919e2-e53a-4e0e-a820-391c84c00ace,1505271510642,45,倾听者,黑暗
2224-22d919e2-e53a-4e0e-a820-391c84c00ace,1505271518151,46,倾听者,黑暗
2224-22d919e2-e53a-4e0e-a820-391c84c00ace,1505271525617,47,倾听者,黑暗
2224-22d919e2-e53a-4e0e-a820-391c84c00ace,1505271533366,48,倾听者,黑暗
2224-22d919e2-e53a-4e0e-a820-391c84c00ace,1505271542411,49,倾听者,黑暗
2224-22d919e2-e53a-4e0e-a820-391c84c00ace,1505271550066,50,倾听者,黑暗
5904-e74c7bbc-ffec-4716-8673-4480da51c799,1505424264472,1,倾听者,你好。
5904-e74c7bbc-ffec-4716-8673-4480da51c799,1505424296081,1,倾听者,你能告诉我现在能做些什么吗
5904-e74c7bbc-ffec-4716-8673-4480da51c799,1505424339312,2,倾听者,你能听到我吗。
5904-e74c7bbc-ffec-4716-8673-4480da51c799,1505424396196,3,倾听者,请告诉我现在选择什么颜色。
5904-e74c7bbc-ffec-4716-8673-4480da51c799,1505424431111,3,倾听者,你没有答案 请告诉我。
5904-e74c7bbc-ffec-4716-8673-4480da51c799,1505424466504,4,倾听者,嘿最近怎么样。
5904-e74c7bbc-ffec-4716-8673-4480da51c799,1505424472930,5,倾听者,嘿最近怎么样。
5904-e74c7bbc-ffec-4716-8673-4480da51c799,1505424479610,6,倾听者,嘿最近怎么样。
5904-e74c7bbc-ffec-4716-8673-4480da51c799,1505424485242,7,倾听者,嘿最近怎么样。
5904-e74c7bbc-ffec-4716-8673-4480da51c799,1505424490747,8,倾听者,嘿最近怎么样。
5904-e74c7bbc-ffec-4716-8673-4480da51c799,1505424496114,9,倾听者,嘿最近怎么样。
5904-e74c7bbc-ffec-4716-8673-4480da51c799,1505424503740,10,倾听者,嘿最近怎么样。
5904-e74c7bbc-ffec-4716-8673-4480da51c799,1505424518437,11,倾听者,嘿最近怎么样。
5904-e74c7bbc-ffec-4716-8673-4480da51c799,1505424550064,12,倾听者,嘿最近怎么样。
5904-e74c7bbc-ffec-4716-8673-4480da51c799,1505424559768,13,倾听者,嘿最近怎么样。
5904-e74c7bbc-ffec-4716-8673-4480da51c799,1505424566448,14,倾听者,嘿最近怎么样。
5904-e74c7bbc-ffec-4716-8673-4480da51c799,1505424572766,15,倾听者,嘿最近怎么样。
5904-e74c7bbc-ffec-4716-8673-4480da51c799,1505424580209,16,倾听者,嘿最近怎么样。
5904-e74c7bbc-ffec-4716-8673-4480da51c799,1505424586761,17,倾听者,嘿最近怎么样。
5904-e74c7bbc-ffec-4716-8673-4480da51c799,1505424594553,18,倾听者,嘿最近怎么样。
5904-e74c7bbc-ffec-4716-8673-4480da51c799,1505424600866,19,倾听者,嘿最近怎么样。
5904-e74c7bbc-ffec-4716-8673-4480da51c799,1505424607523,20,倾听者,嘿最近怎么样。
5904-e74c7bbc-ffec-4716-8673-4480da51c799,1505424614516,21,倾听者,嘿最近怎么样。
5904-e74c7bbc-ffec-4716-8673-4480da51c799,1505424621076,22,倾听者,嘿最近怎么样。
5904-e74c7bbc-ffec-4716-8673-4480da51c799,1505424628073,23,倾听者,嘿最近怎么样。
5904-e74c7bbc-ffec-4716-8673-4480da51c799,1505424635664,24,倾听者,嘿最近怎么样。
5904-e74c7bbc-ffec-4716-8673-4480da51c799,1505424718291,25,倾听者,嘿最近怎么样。
5904-e74c7bbc-ffec-4716-8673-4480da51c799,1505424733955,26,倾听者,嘿最近怎么样。
5904-e74c7bbc-ffec-4716-8673-4480da51c799,1505424741020,27,倾听者,嘿最近怎么样。
5904-e74c7bbc-ffec-4716-8673-4480da51c799,1505424747533,28,倾听者,嘿最近怎么样。
5904-e74c7bbc-ffec-4716-8673-4480da51c799,1505424754314,29,倾听者,嘿最近怎么样。
5904-e74c7bbc-ffec-4716-8673-4480da51c799,1505424762806,30,倾听者,嘿最近怎么样。
5904-e74c7bbc-ffec-4716-8673-4480da51c799,1505424770017,31,倾听者,嘿最近怎么样。
5904-e74c7bbc-ffec-4716-8673-4480da51c799,1505424777150,32,倾听者,嘿最近怎么样。
5904-e74c7bbc-ffec-4716-8673-4480da51c799,1505424787118,33,倾听者,嘿最近怎么样。
5904-e74c7bbc-ffec-4716-8673-4480da51c799,1505424807586,34,倾听者,嘿最近怎么样。
5904-e74c7bbc-ffec-4716-8673-4480da51c799,1505424817994,35,倾听者,嘿最近怎么样。
5904-e74c7bbc-ffec-4716-8673-4480da51c799,1505424963764,36,倾听者,嘿最近怎么样。
5904-e74c7bbc-ffec-4716-8673-4480da51c799,1505424971295,37,倾听者,嘿最近怎么样。
5904-e74c7bbc-ffec-4716-8673-4480da51c799,1505424979630,38,倾听者,嘿最近怎么样。
5904-e74c7bbc-ffec-4716-8673-4480da51c799,1505424993981,39,倾听者,嘿最近怎么样。
5904-e74c7bbc-ffec-4716-8673-4480da51c799,1505425025545,40,倾听者,嘿最近怎么样。
5904-e74c7bbc-ffec-4716-8673-4480da51c799,1505425083334,41,倾听者,嘿最近怎么样。
5904-e74c7bbc-ffec-4716-8673-4480da51c799,1505425097110,42,倾听者,嘿最近怎么样。
5904-e74c7bbc-ffec-4716-8673-4480da51c799,1505425122576,43,倾听者,嘿最近怎么样。
5904-e74c7bbc-ffec-4716-8673-4480da51c799,1505425132328,44,倾听者,嘿最近怎么样。
5904-e74c7bbc-ffec-4716-8673-4480da51c799,1505425244273,45,倾听者,嘿最近怎么样。
5904-e74c7bbc-ffec-4716-8673-4480da51c799,1505425251659,46,倾听者,嘿最近怎么样。
5904-e74c7bbc-ffec-4716-8673-4480da51c799,1505425266458,47,倾听者,嘿最近怎么样。
5904-e74c7bbc-ffec-4716-8673-4480da51c799,1505425277699,48,倾听者,嘿最近怎么样。
5904-e74c7bbc-ffec-4716-8673-4480da51c799,1505425297972,49,倾听者,嘿最近怎么样。
5904-e74c7bbc-ffec-4716-8673-4480da51c799,1505425326379,50,倾听者,嘿最近怎么样。
