gameid,epochTime,roundNum,sender,contents
7645-31884455-9ae0-4726-a830-00d8014ac468,1501009770723,1,倾听者,hi
7645-31884455-9ae0-4726-a830-00d8014ac468,1501009780640,1,演说者,接近地
7645-31884455-9ae0-4726-a830-00d8014ac468,1501009792580,1,演说者,的颜色
7645-31884455-9ae0-4726-a830-00d8014ac468,1501009803540,1,倾听者,灰色？
7645-31884455-9ae0-4726-a830-00d8014ac468,1501009828080,2,倾听者,？
7645-31884455-9ae0-4726-a830-00d8014ac468,1501009849356,3,倾听者,？
7645-31884455-9ae0-4726-a830-00d8014ac468,1501009871308,4,演说者,树的颜色
7645-31884455-9ae0-4726-a830-00d8014ac468,1501009889576,5,演说者,冷色
7645-31884455-9ae0-4726-a830-00d8014ac468,1501009910004,6,演说者,草的颜色
7645-31884455-9ae0-4726-a830-00d8014ac468,1501009933371,7,演说者,肉桂
7645-31884455-9ae0-4726-a830-00d8014ac468,1501009949791,8,倾听者,？
7645-31884455-9ae0-4726-a830-00d8014ac468,1501009974025,9,倾听者,？
7645-31884455-9ae0-4726-a830-00d8014ac468,1501009991587,10,倾听者,？
7645-31884455-9ae0-4726-a830-00d8014ac468,1501010015824,11,倾听者,？
1531-0519ed42-819e-47c9-aec3-73f1bfa8b697,1501032293921,0,演说者,Black
1531-0519ed42-819e-47c9-aec3-73f1bfa8b697,1501032306600,0,演说者,White
1531-0519ed42-819e-47c9-aec3-73f1bfa8b697,1501032315179,0,演说者,Ok good color
1531-0519ed42-819e-47c9-aec3-73f1bfa8b697,1501032324477,0,演说者,Reji
4052-994445f3-3f93-483b-bf8b-b2b3fcee8e28,1501033341734,0,演说者,红
4052-994445f3-3f93-483b-bf8b-b2b3fcee8e28,1501033359914,0,演说者,红
4052-994445f3-3f93-483b-bf8b-b2b3fcee8e28,1501033392693,0,演说者,紅
4052-994445f3-3f93-483b-bf8b-b2b3fcee8e28,1501033482990,0,演说者,RED
3072-43fc98e0-fd3d-477a-81e2-7cb16e7bbb0f,1501096118786,1,倾听者,？
3072-43fc98e0-fd3d-477a-81e2-7cb16e7bbb0f,1501096130075,1,演说者,深色的血液
3072-43fc98e0-fd3d-477a-81e2-7cb16e7bbb0f,1501096152265,2,演说者,深海
3072-43fc98e0-fd3d-477a-81e2-7cb16e7bbb0f,1501096181129,3,演说者,女士 高雅
3072-43fc98e0-fd3d-477a-81e2-7cb16e7bbb0f,1501096198124,4,演说者,龙
3072-43fc98e0-fd3d-477a-81e2-7cb16e7bbb0f,1501096214088,5,演说者,土地
3072-43fc98e0-fd3d-477a-81e2-7cb16e7bbb0f,1501096236253,6,演说者,最深
3072-43fc98e0-fd3d-477a-81e2-7cb16e7bbb0f,1501096256219,7,演说者,艳丽
3072-43fc98e0-fd3d-477a-81e2-7cb16e7bbb0f,1501096287360,8,演说者,两种稍微深些
3072-43fc98e0-fd3d-477a-81e2-7cb16e7bbb0f,1501096310697,9,演说者,暗些
3072-43fc98e0-fd3d-477a-81e2-7cb16e7bbb0f,1501096322412,10,演说者,土地
3072-43fc98e0-fd3d-477a-81e2-7cb16e7bbb0f,1501096334308,11,演说者,不同的
3072-43fc98e0-fd3d-477a-81e2-7cb16e7bbb0f,1501096346697,12,演说者,明亮
3072-43fc98e0-fd3d-477a-81e2-7cb16e7bbb0f,1501096357396,13,演说者,暗
3072-43fc98e0-fd3d-477a-81e2-7cb16e7bbb0f,1501096380810,14,演说者,两同色中暗些
3072-43fc98e0-fd3d-477a-81e2-7cb16e7bbb0f,1501096403315,15,演说者,深
3072-43fc98e0-fd3d-477a-81e2-7cb16e7bbb0f,1501096414415,16,演说者,暗些
3072-43fc98e0-fd3d-477a-81e2-7cb16e7bbb0f,1501096427801,17,演说者,大海
3072-43fc98e0-fd3d-477a-81e2-7cb16e7bbb0f,1501096444332,18,演说者,中老年女
3072-43fc98e0-fd3d-477a-81e2-7cb16e7bbb0f,1501096453579,19,演说者,土地
3072-43fc98e0-fd3d-477a-81e2-7cb16e7bbb0f,1501096471016,20,演说者,明亮
3072-43fc98e0-fd3d-477a-81e2-7cb16e7bbb0f,1501096480840,21,演说者,暗色
3072-43fc98e0-fd3d-477a-81e2-7cb16e7bbb0f,1501096489361,22,演说者,基佬
3072-43fc98e0-fd3d-477a-81e2-7cb16e7bbb0f,1501096499938,23,演说者,暗
3072-43fc98e0-fd3d-477a-81e2-7cb16e7bbb0f,1501096515080,24,演说者,暗
3072-43fc98e0-fd3d-477a-81e2-7cb16e7bbb0f,1501096523282,25,演说者,女士
3072-43fc98e0-fd3d-477a-81e2-7cb16e7bbb0f,1501096538969,26,演说者,两色中明亮一些
3072-43fc98e0-fd3d-477a-81e2-7cb16e7bbb0f,1501096546544,27,演说者,大海
3072-43fc98e0-fd3d-477a-81e2-7cb16e7bbb0f,1501096554952,28,演说者,基佬
3072-43fc98e0-fd3d-477a-81e2-7cb16e7bbb0f,1501096564168,29,演说者,明亮
3072-43fc98e0-fd3d-477a-81e2-7cb16e7bbb0f,1501096575280,30,演说者,土地 深些
3072-43fc98e0-fd3d-477a-81e2-7cb16e7bbb0f,1501096589748,31,演说者,中暗
3072-43fc98e0-fd3d-477a-81e2-7cb16e7bbb0f,1501096610992,32,演说者,暗色
3072-43fc98e0-fd3d-477a-81e2-7cb16e7bbb0f,1501096622144,33,演说者,女士
3072-43fc98e0-fd3d-477a-81e2-7cb16e7bbb0f,1501096635828,34,演说者,两同色中暗些
3072-43fc98e0-fd3d-477a-81e2-7cb16e7bbb0f,1501096647549,35,演说者,明亮树
3072-43fc98e0-fd3d-477a-81e2-7cb16e7bbb0f,1501096661094,36,演说者,树 暗些
3072-43fc98e0-fd3d-477a-81e2-7cb16e7bbb0f,1501096673303,37,演说者,土地
3072-43fc98e0-fd3d-477a-81e2-7cb16e7bbb0f,1501096688974,38,演说者,女士 明亮
3072-43fc98e0-fd3d-477a-81e2-7cb16e7bbb0f,1501096700535,39,演说者,树 明亮些
3072-43fc98e0-fd3d-477a-81e2-7cb16e7bbb0f,1501096711798,40,演说者,天空
3072-43fc98e0-fd3d-477a-81e2-7cb16e7bbb0f,1501096722040,41,演说者,血液
3072-43fc98e0-fd3d-477a-81e2-7cb16e7bbb0f,1501096729407,42,演说者,大海
3072-43fc98e0-fd3d-477a-81e2-7cb16e7bbb0f,1501096740133,43,演说者,暗些
3072-43fc98e0-fd3d-477a-81e2-7cb16e7bbb0f,1501096748749,44,演说者,土地
3072-43fc98e0-fd3d-477a-81e2-7cb16e7bbb0f,1501096760408,45,演说者,橙子
3072-43fc98e0-fd3d-477a-81e2-7cb16e7bbb0f,1501096771366,46,演说者,最深
3072-43fc98e0-fd3d-477a-81e2-7cb16e7bbb0f,1501096793464,47,演说者,不是树，不是天空
3072-43fc98e0-fd3d-477a-81e2-7cb16e7bbb0f,1501096811263,48,演说者,浅海
3072-43fc98e0-fd3d-477a-81e2-7cb16e7bbb0f,1501096821275,49,演说者,天空
3072-43fc98e0-fd3d-477a-81e2-7cb16e7bbb0f,1501096826405,49,演说者,大海
3072-43fc98e0-fd3d-477a-81e2-7cb16e7bbb0f,1501096837758,50,演说者,最深的色
1335-1ca93459-779e-4930-a18c-6077a00ed72b,1501097221281,0,演说者,? 我要继续等待吗？
1335-1ca93459-779e-4930-a18c-6077a00ed72b,1501097569223,0,演说者,我已经等待了将近25分钟了，我应该怎么办？
6404-4779d0b9-40ee-401a-9139-9a2c88b7cc59,1501097922031,0,演说者,fgwes
1749-16e02541-2385-4752-9fd3-caa3a825b469,1501120557689,1,倾听者,请描述。。。
1749-16e02541-2385-4752-9fd3-caa3a825b469,1501120702265,2,倾听者,仍然没看到任何描述。。。
1749-16e02541-2385-4752-9fd3-caa3a825b469,1501120798176,3,倾听者,演说者了解他/她的任务吗？
1749-16e02541-2385-4752-9fd3-caa3a825b469,1501120847123,4,演说者,红色
1749-16e02541-2385-4752-9fd3-caa3a825b469,1501120861381,5,演说者,绿色
1749-16e02541-2385-4752-9fd3-caa3a825b469,1501120870885,6,演说者,黄色
1749-16e02541-2385-4752-9fd3-caa3a825b469,1501120899051,7,演说者,红绿灯的绿色
1749-16e02541-2385-4752-9fd3-caa3a825b469,1501120916206,8,演说者,红绿灯的绿色
1749-16e02541-2385-4752-9fd3-caa3a825b469,1501120931256,9,演说者,红
1749-16e02541-2385-4752-9fd3-caa3a825b469,1501120955903,10,演说者,不是蓝色也不是粉红色的那个颜色
1749-16e02541-2385-4752-9fd3-caa3a825b469,1501120992501,10,倾听者,猪肝色吗？
1749-16e02541-2385-4752-9fd3-caa3a825b469,1501120998078,10,演说者,哈哈是的
1749-16e02541-2385-4752-9fd3-caa3a825b469,1501121026991,11,演说者,最接近黄色的那个
1749-16e02541-2385-4752-9fd3-caa3a825b469,1501121053821,12,演说者,墨绿色
1749-16e02541-2385-4752-9fd3-caa3a825b469,1501121071467,13,演说者,蓝色
1749-16e02541-2385-4752-9fd3-caa3a825b469,1501121084486,14,演说者,橙色
1749-16e02541-2385-4752-9fd3-caa3a825b469,1501121118483,15,演说者,不是紫色也不是灰色
1749-16e02541-2385-4752-9fd3-caa3a825b469,1501121141377,16,演说者,最亮的红色
1749-16e02541-2385-4752-9fd3-caa3a825b469,1501121167085,16,倾听者,粉红色吗？
1749-16e02541-2385-4752-9fd3-caa3a825b469,1501121175953,16,演说者,是的
1749-16e02541-2385-4752-9fd3-caa3a825b469,1501121184514,17,演说者,灰色
1749-16e02541-2385-4752-9fd3-caa3a825b469,1501121196210,18,演说者,墨绿
1749-16e02541-2385-4752-9fd3-caa3a825b469,1501121248418,18,倾听者,带青色或带蓝色？
1749-16e02541-2385-4752-9fd3-caa3a825b469,1501121283031,18,演说者,青色
1749-16e02541-2385-4752-9fd3-caa3a825b469,1501121303564,19,演说者,深蓝色
1749-16e02541-2385-4752-9fd3-caa3a825b469,1501121318363,20,演说者,土黄色
1749-16e02541-2385-4752-9fd3-caa3a825b469,1501121329987,21,演说者,猪肝色
1749-16e02541-2385-4752-9fd3-caa3a825b469,1501121359726,22,演说者,程度居中的绿色
1749-16e02541-2385-4752-9fd3-caa3a825b469,1501121384867,23,演说者,墨绿色
1749-16e02541-2385-4752-9fd3-caa3a825b469,1501121402063,24,演说者,土黄色
1749-16e02541-2385-4752-9fd3-caa3a825b469,1501121450742,24,倾听者,黄色较浓吗？
1749-16e02541-2385-4752-9fd3-caa3a825b469,1501121469839,24,演说者,较淡
1749-16e02541-2385-4752-9fd3-caa3a825b469,1501121477935,25,演说者,灰色
1749-16e02541-2385-4752-9fd3-caa3a825b469,1501121491004,26,演说者,蓝灰色
1749-16e02541-2385-4752-9fd3-caa3a825b469,1501121523803,27,演说者,墨绿色
1749-16e02541-2385-4752-9fd3-caa3a825b469,1501121542293,28,演说者,紫色
1749-16e02541-2385-4752-9fd3-caa3a825b469,1501121572819,28,倾听者,带红色或带蓝色？
1749-16e02541-2385-4752-9fd3-caa3a825b469,1501121580526,28,演说者,带蓝色
1749-16e02541-2385-4752-9fd3-caa3a825b469,1501121598038,29,演说者,和上一题一样的颜色
1749-16e02541-2385-4752-9fd3-caa3a825b469,1501121617138,30,演说者,大红
1749-16e02541-2385-4752-9fd3-caa3a825b469,1501121625310,31,演说者,灰色
1749-16e02541-2385-4752-9fd3-caa3a825b469,1501121640190,32,演说者,不是红色也不是蓝色
1749-16e02541-2385-4752-9fd3-caa3a825b469,1501121657340,33,演说者,墨绿色
1749-16e02541-2385-4752-9fd3-caa3a825b469,1501121666273,34,演说者,灰色
1749-16e02541-2385-4752-9fd3-caa3a825b469,1501121675334,35,演说者,猪肝
1749-16e02541-2385-4752-9fd3-caa3a825b469,1501121692660,36,演说者,浅绿色
1749-16e02541-2385-4752-9fd3-caa3a825b469,1501121727884,37,演说者,蓝绿色
1749-16e02541-2385-4752-9fd3-caa3a825b469,1501121762850,37,倾听者,蓝较多吗？
1749-16e02541-2385-4752-9fd3-caa3a825b469,1501121813793,37,演说者,较少
1749-16e02541-2385-4752-9fd3-caa3a825b469,1501121826868,38,演说者,紫色
1749-16e02541-2385-4752-9fd3-caa3a825b469,1501121837196,39,演说者,蓝色
1749-16e02541-2385-4752-9fd3-caa3a825b469,1501121844353,40,演说者,黄色
1749-16e02541-2385-4752-9fd3-caa3a825b469,1501121852890,41,演说者,绿色
1749-16e02541-2385-4752-9fd3-caa3a825b469,1501121872985,42,演说者,黄色最少
1749-16e02541-2385-4752-9fd3-caa3a825b469,1501121888369,43,演说者,蓝色
1749-16e02541-2385-4752-9fd3-caa3a825b469,1501121896206,44,演说者,红色
1749-16e02541-2385-4752-9fd3-caa3a825b469,1501121906175,45,演说者,红色
1749-16e02541-2385-4752-9fd3-caa3a825b469,1501121915371,46,演说者,红色
1749-16e02541-2385-4752-9fd3-caa3a825b469,1501121924477,47,演说者,黄
1749-16e02541-2385-4752-9fd3-caa3a825b469,1501121937367,48,演说者,浅绿色
1749-16e02541-2385-4752-9fd3-caa3a825b469,1501121953020,49,演说者,蓝色
1749-16e02541-2385-4752-9fd3-caa3a825b469,1501121962069,50,演说者,粉红
6206-00ac330b-8ff2-4472-a9c7-92d36d526eb8,1501179919699,1,演说者,你好
6206-00ac330b-8ff2-4472-a9c7-92d36d526eb8,1501179933145,1,演说者,？
0549-d56b0b64-54e8-4a64-8aa4-7700643a9b9e,1501182421617,0,演说者,022645
7991-2be4a4f0-a5f7-40e2-9854-4765af54e7c7,1501186223122,1,演说者,深一点的蓝色
7991-2be4a4f0-a5f7-40e2-9854-4765af54e7c7,1501186276860,2,演说者,紫色
7991-2be4a4f0-a5f7-40e2-9854-4765af54e7c7,1501186327126,3,演说者,灰绿色
7991-2be4a4f0-a5f7-40e2-9854-4765af54e7c7,1501186357114,4,演说者,灰色
7991-2be4a4f0-a5f7-40e2-9854-4765af54e7c7,1501186375281,5,演说者,绿色
7991-2be4a4f0-a5f7-40e2-9854-4765af54e7c7,1501186434134,6,演说者,灰黄色
7991-2be4a4f0-a5f7-40e2-9854-4765af54e7c7,1501186466035,7,演说者,紫色
7991-2be4a4f0-a5f7-40e2-9854-4765af54e7c7,1501186566780,8,演说者,暗粉色
7991-2be4a4f0-a5f7-40e2-9854-4765af54e7c7,1501186616502,9,演说者,亮
7991-2be4a4f0-a5f7-40e2-9854-4765af54e7c7,1501186712858,9,演说者,红色
7991-2be4a4f0-a5f7-40e2-9854-4765af54e7c7,1501186761586,10,演说者,金黄色
7991-2be4a4f0-a5f7-40e2-9854-4765af54e7c7,1501186802774,11,演说者,暗粉色
7991-2be4a4f0-a5f7-40e2-9854-4765af54e7c7,1501186860864,11,倾听者,暗粉红色吗
7991-2be4a4f0-a5f7-40e2-9854-4765af54e7c7,1501186889093,11,演说者,是
7991-2be4a4f0-a5f7-40e2-9854-4765af54e7c7,1501186914279,12,演说者,黄色
7991-2be4a4f0-a5f7-40e2-9854-4765af54e7c7,1501186938127,13,演说者,紫色
7991-2be4a4f0-a5f7-40e2-9854-4765af54e7c7,1501186955368,14,演说者,绿色
7991-2be4a4f0-a5f7-40e2-9854-4765af54e7c7,1501186976941,15,演说者,天蓝色
7991-2be4a4f0-a5f7-40e2-9854-4765af54e7c7,1501187019259,16,演说者,浅绿色
7991-2be4a4f0-a5f7-40e2-9854-4765af54e7c7,1501187113645,17,演说者,蓝紫色
7991-2be4a4f0-a5f7-40e2-9854-4765af54e7c7,1501187147738,18,演说者,绿色
7991-2be4a4f0-a5f7-40e2-9854-4765af54e7c7,1501187161470,19,演说者,绿色
7991-2be4a4f0-a5f7-40e2-9854-4765af54e7c7,1501187205333,20,演说者,黄灰色
7991-2be4a4f0-a5f7-40e2-9854-4765af54e7c7,1501187223331,21,演说者,紫色
7991-2be4a4f0-a5f7-40e2-9854-4765af54e7c7,1501187241143,22,演说者,灰色
7991-2be4a4f0-a5f7-40e2-9854-4765af54e7c7,1501187254061,23,演说者,灰色
7991-2be4a4f0-a5f7-40e2-9854-4765af54e7c7,1501187278007,24,演说者,土黄色
7991-2be4a4f0-a5f7-40e2-9854-4765af54e7c7,1501187320857,24,倾听者,重点是土吗？
7991-2be4a4f0-a5f7-40e2-9854-4765af54e7c7,1501187346763,24,演说者,泥黄色
7991-2be4a4f0-a5f7-40e2-9854-4765af54e7c7,1501187374036,25,演说者,最亮的绿色
7991-2be4a4f0-a5f7-40e2-9854-4765af54e7c7,1501187397630,26,演说者,红色
7991-2be4a4f0-a5f7-40e2-9854-4765af54e7c7,1501187428328,27,演说者,紫色
7991-2be4a4f0-a5f7-40e2-9854-4765af54e7c7,1501187451468,28,演说者,绿色
7991-2be4a4f0-a5f7-40e2-9854-4765af54e7c7,1501187497882,29,演说者,土黃色
7991-2be4a4f0-a5f7-40e2-9854-4765af54e7c7,1501187514463,30,演说者,绿色
7991-2be4a4f0-a5f7-40e2-9854-4765af54e7c7,1501187542151,31,演说者,天蓝色
7991-2be4a4f0-a5f7-40e2-9854-4765af54e7c7,1501187556427,32,演说者,紫色
7991-2be4a4f0-a5f7-40e2-9854-4765af54e7c7,1501187593557,33,演说者,金秋色
7991-2be4a4f0-a5f7-40e2-9854-4765af54e7c7,1501187638504,33,倾听者,秋天落叶吗？
7991-2be4a4f0-a5f7-40e2-9854-4765af54e7c7,1501187667325,34,演说者,紫色
7991-2be4a4f0-a5f7-40e2-9854-4765af54e7c7,1501187692225,35,演说者,亮粉色
7991-2be4a4f0-a5f7-40e2-9854-4765af54e7c7,1501187765511,36,演说者,蓝色
7991-2be4a4f0-a5f7-40e2-9854-4765af54e7c7,1501187786277,37,演说者,绿色
7991-2be4a4f0-a5f7-40e2-9854-4765af54e7c7,1501187837870,38,演说者,粉蓝色
7991-2be4a4f0-a5f7-40e2-9854-4765af54e7c7,1501187908637,39,演说者,灰蓝色
7991-2be4a4f0-a5f7-40e2-9854-4765af54e7c7,1501187947025,40,演说者,黄绿色
7991-2be4a4f0-a5f7-40e2-9854-4765af54e7c7,1501187964887,41,演说者,灰色
7991-2be4a4f0-a5f7-40e2-9854-4765af54e7c7,1501187983879,42,演说者,黄色
7991-2be4a4f0-a5f7-40e2-9854-4765af54e7c7,1501188032777,43,演说者,灰黄色
7991-2be4a4f0-a5f7-40e2-9854-4765af54e7c7,1501188086801,44,演说者,亮绿色
7991-2be4a4f0-a5f7-40e2-9854-4765af54e7c7,1501188110727,45,演说者,黄色
7991-2be4a4f0-a5f7-40e2-9854-4765af54e7c7,1501188127928,46,演说者,灰色
7991-2be4a4f0-a5f7-40e2-9854-4765af54e7c7,1501188150912,47,演说者,深蓝色
7991-2be4a4f0-a5f7-40e2-9854-4765af54e7c7,1501188168623,48,演说者,黃色
7991-2be4a4f0-a5f7-40e2-9854-4765af54e7c7,1501188182555,49,演说者,灰色
7991-2be4a4f0-a5f7-40e2-9854-4765af54e7c7,1501188196281,50,演说者,灰色
7266-a19a5680-212b-4740-b7c3-897388466b48,1501264544611,1,倾听者,你好
7266-a19a5680-212b-4740-b7c3-897388466b48,1501264548986,1,倾听者,！
7266-a19a5680-212b-4740-b7c3-897388466b48,1501264559041,1,演说者,你好！
7266-a19a5680-212b-4740-b7c3-897388466b48,1501264582025,1,倾听者,要选哪一个？
7266-a19a5680-212b-4740-b7c3-897388466b48,1501264597172,1,演说者,淡粉色
7266-a19a5680-212b-4740-b7c3-897388466b48,1501264616708,2,倾听者,:D
7266-a19a5680-212b-4740-b7c3-897388466b48,1501264617534,2,演说者,深棕色
7266-a19a5680-212b-4740-b7c3-897388466b48,1501264630263,3,演说者,浅绿色
7266-a19a5680-212b-4740-b7c3-897388466b48,1501264641099,4,演说者,深灰色
7266-a19a5680-212b-4740-b7c3-897388466b48,1501264664054,5,演说者,蓝绿色
7266-a19a5680-212b-4740-b7c3-897388466b48,1501264672320,6,演说者,。。。。
7266-a19a5680-212b-4740-b7c3-897388466b48,1501264675790,6,倾听者,哈
7266-a19a5680-212b-4740-b7c3-897388466b48,1501264677188,6,演说者,紫色
7266-a19a5680-212b-4740-b7c3-897388466b48,1501264688141,7,演说者,亮绿色
7266-a19a5680-212b-4740-b7c3-897388466b48,1501264697952,7,演说者,？
7266-a19a5680-212b-4740-b7c3-897388466b48,1501264701790,7,演说者,深绿色
7266-a19a5680-212b-4740-b7c3-897388466b48,1501264703890,7,演说者,。。。
7266-a19a5680-212b-4740-b7c3-897388466b48,1501264705905,7,倾听者,看起来是蓝色吧
7266-a19a5680-212b-4740-b7c3-897388466b48,1501264721101,8,演说者,紫色
7266-a19a5680-212b-4740-b7c3-897388466b48,1501264757596,8,倾听者,深的？
7266-a19a5680-212b-4740-b7c3-897388466b48,1501264767197,8,演说者,中间的
7266-a19a5680-212b-4740-b7c3-897388466b48,1501264770553,8,演说者,不是粉色
7266-a19a5680-212b-4740-b7c3-897388466b48,1501264778335,9,演说者,黄
7266-a19a5680-212b-4740-b7c3-897388466b48,1501264781077,9,倾听者,lol
7266-a19a5680-212b-4740-b7c3-897388466b48,1501264792862,10,演说者,绿
7266-a19a5680-212b-4740-b7c3-897388466b48,1501264808827,11,演说者,粉
7266-a19a5680-212b-4740-b7c3-897388466b48,1501264818213,12,演说者,深蓝
7266-a19a5680-212b-4740-b7c3-897388466b48,1501264829717,13,演说者,亮蓝
7266-a19a5680-212b-4740-b7c3-897388466b48,1501264837105,14,倾听者,哎呀
7266-a19a5680-212b-4740-b7c3-897388466b48,1501264838521,14,演说者,。。
7266-a19a5680-212b-4740-b7c3-897388466b48,1501264841451,14,演说者,深蓝
7266-a19a5680-212b-4740-b7c3-897388466b48,1501264856710,15,演说者,草绿
7266-a19a5680-212b-4740-b7c3-897388466b48,1501264873573,16,演说者,粉色
7266-a19a5680-212b-4740-b7c3-897388466b48,1501264909193,17,演说者,黄绿色
7266-a19a5680-212b-4740-b7c3-897388466b48,1501264921709,18,演说者,粉色
7266-a19a5680-212b-4740-b7c3-897388466b48,1501264937446,19,演说者,亮蓝
7266-a19a5680-212b-4740-b7c3-897388466b48,1501264954138,20,演说者,深灰色
7266-a19a5680-212b-4740-b7c3-897388466b48,1501264971675,21,演说者,深紫色
7266-a19a5680-212b-4740-b7c3-897388466b48,1501264997126,22,演说者,蓝色
7266-a19a5680-212b-4740-b7c3-897388466b48,1501265044965,23,演说者,墨绿
7266-a19a5680-212b-4740-b7c3-897388466b48,1501265062235,24,演说者,灰色
7266-a19a5680-212b-4740-b7c3-897388466b48,1501265069686,25,演说者,红
2807-253d3ab7-b1a1-4a7d-ae7d-7f56c9bf304c,1501271390655,1,演说者,接近皮肤颜色
2807-253d3ab7-b1a1-4a7d-ae7d-7f56c9bf304c,1501271513810,2,演说者,青草
2807-253d3ab7-b1a1-4a7d-ae7d-7f56c9bf304c,1501271601589,3,演说者,浪漫的颜色
2807-253d3ab7-b1a1-4a7d-ae7d-7f56c9bf304c,1501271672048,4,演说者,秋天的草色
2807-253d3ab7-b1a1-4a7d-ae7d-7f56c9bf304c,1501271703578,5,演说者,草色
2807-253d3ab7-b1a1-4a7d-ae7d-7f56c9bf304c,1501271804394,6,演说者,深色
2807-253d3ab7-b1a1-4a7d-ae7d-7f56c9bf304c,1501271856077,7,演说者,浪漫的颜色
2807-253d3ab7-b1a1-4a7d-ae7d-7f56c9bf304c,1501271933031,8,演说者,深色
2807-253d3ab7-b1a1-4a7d-ae7d-7f56c9bf304c,1501272013299,9,演说者,深色的夕阳
2807-253d3ab7-b1a1-4a7d-ae7d-7f56c9bf304c,1501272079273,10,演说者,发芽的草色
2807-253d3ab7-b1a1-4a7d-ae7d-7f56c9bf304c,1501272149751,11,演说者,血色
2807-253d3ab7-b1a1-4a7d-ae7d-7f56c9bf304c,1501272211566,12,演说者,深色
2807-253d3ab7-b1a1-4a7d-ae7d-7f56c9bf304c,1501272248919,13,倾听者,快速键入
2807-253d3ab7-b1a1-4a7d-ae7d-7f56c9bf304c,1501272249175,13,演说者,深色
2807-253d3ab7-b1a1-4a7d-ae7d-7f56c9bf304c,1501272329422,14,演说者,大海
2807-253d3ab7-b1a1-4a7d-ae7d-7f56c9bf304c,1501272382733,15,演说者,公主色
2807-253d3ab7-b1a1-4a7d-ae7d-7f56c9bf304c,1501272432115,16,演说者,烂漫
2807-253d3ab7-b1a1-4a7d-ae7d-7f56c9bf304c,1501272462844,17,演说者,青草
2807-253d3ab7-b1a1-4a7d-ae7d-7f56c9bf304c,1501272486330,18,演说者,同上
2807-253d3ab7-b1a1-4a7d-ae7d-7f56c9bf304c,1501272545731,19,演说者,浪漫
2807-253d3ab7-b1a1-4a7d-ae7d-7f56c9bf304c,1501272580834,20,演说者,亮色
2807-253d3ab7-b1a1-4a7d-ae7d-7f56c9bf304c,1501272606605,21,演说者,深色
2807-253d3ab7-b1a1-4a7d-ae7d-7f56c9bf304c,1501272647137,22,演说者,深色
2807-253d3ab7-b1a1-4a7d-ae7d-7f56c9bf304c,1501272669859,23,演说者,亮色
2807-253d3ab7-b1a1-4a7d-ae7d-7f56c9bf304c,1501272703406,24,演说者,血色
2807-253d3ab7-b1a1-4a7d-ae7d-7f56c9bf304c,1501272754303,25,演说者,深色
2807-253d3ab7-b1a1-4a7d-ae7d-7f56c9bf304c,1501272816087,26,倾听者,?
2807-253d3ab7-b1a1-4a7d-ae7d-7f56c9bf304c,1501272830855,26,演说者,深色
2807-253d3ab7-b1a1-4a7d-ae7d-7f56c9bf304c,1501272852244,27,演说者,深色
2807-253d3ab7-b1a1-4a7d-ae7d-7f56c9bf304c,1501272881128,28,演说者,烂漫
2807-253d3ab7-b1a1-4a7d-ae7d-7f56c9bf304c,1501272922823,29,演说者,淡色
2807-253d3ab7-b1a1-4a7d-ae7d-7f56c9bf304c,1501272941908,30,演说者,青草
2807-253d3ab7-b1a1-4a7d-ae7d-7f56c9bf304c,1501272977505,31,演说者,中色
2807-253d3ab7-b1a1-4a7d-ae7d-7f56c9bf304c,1501273042905,32,演说者,难看的颜色
2807-253d3ab7-b1a1-4a7d-ae7d-7f56c9bf304c,1501273075477,33,演说者,浪漫
2807-253d3ab7-b1a1-4a7d-ae7d-7f56c9bf304c,1501273095253,34,演说者,难看
2807-253d3ab7-b1a1-4a7d-ae7d-7f56c9bf304c,1501273128795,35,演说者,中色
2807-253d3ab7-b1a1-4a7d-ae7d-7f56c9bf304c,1501273159841,36,演说者,中色
2807-253d3ab7-b1a1-4a7d-ae7d-7f56c9bf304c,1501273179889,37,演说者,难看色
2807-253d3ab7-b1a1-4a7d-ae7d-7f56c9bf304c,1501273211917,38,演说者,青草
2807-253d3ab7-b1a1-4a7d-ae7d-7f56c9bf304c,1501273238017,39,倾听者,?
2807-253d3ab7-b1a1-4a7d-ae7d-7f56c9bf304c,1501273248199,39,演说者,深色
2807-253d3ab7-b1a1-4a7d-ae7d-7f56c9bf304c,1501273268871,40,演说者,烂漫
2807-253d3ab7-b1a1-4a7d-ae7d-7f56c9bf304c,1501273285585,41,演说者,难看
2807-253d3ab7-b1a1-4a7d-ae7d-7f56c9bf304c,1501273312514,42,演说者,浪漫
2807-253d3ab7-b1a1-4a7d-ae7d-7f56c9bf304c,1501273336305,43,演说者,天的色
2807-253d3ab7-b1a1-4a7d-ae7d-7f56c9bf304c,1501273364993,44,演说者,嫩草
2807-253d3ab7-b1a1-4a7d-ae7d-7f56c9bf304c,1501273385071,45,演说者,天的色
2807-253d3ab7-b1a1-4a7d-ae7d-7f56c9bf304c,1501273401252,46,演说者,深色
2807-253d3ab7-b1a1-4a7d-ae7d-7f56c9bf304c,1501273423695,47,演说者,深色
2807-253d3ab7-b1a1-4a7d-ae7d-7f56c9bf304c,1501273443419,48,演说者,深色
2807-253d3ab7-b1a1-4a7d-ae7d-7f56c9bf304c,1501273465237,49,演说者,深色
2807-253d3ab7-b1a1-4a7d-ae7d-7f56c9bf304c,1501273486984,50,演说者,难看
7973-852b8afc-a427-4eee-ac5a-d17987b2a588,1501276205862,0,演说者,hi
2292-90a01583-25d1-4d87-a41b-9f772c314d61,1501291451234,1,演说者,慢行交通灯的颜色
2292-90a01583-25d1-4d87-a41b-9f772c314d61,1501291526083,2,演说者,荷兰足球队最常穿的颜色
2292-90a01583-25d1-4d87-a41b-9f772c314d61,1501291608139,3,演说者,美国国旗上的一种颜色
2292-90a01583-25d1-4d87-a41b-9f772c314d61,1501291787572,4,演说者,颜色最亮的一个
2292-90a01583-25d1-4d87-a41b-9f772c314d61,1501291890845,5,演说者,不是紫色不是浅灰
2292-90a01583-25d1-4d87-a41b-9f772c314d61,1501291953832,6,演说者,不是深蓝不是浅蓝
2292-90a01583-25d1-4d87-a41b-9f772c314d61,1501292015521,7,演说者,灰色
2292-90a01583-25d1-4d87-a41b-9f772c314d61,1501292061142,8,演说者,最亮的绿色
2292-90a01583-25d1-4d87-a41b-9f772c314d61,1501292087212,9,演说者,紫色
2292-90a01583-25d1-4d87-a41b-9f772c314d61,1501292114216,10,演说者,蓝色
2292-90a01583-25d1-4d87-a41b-9f772c314d61,1501292125834,10,倾听者,蓝灰色吗？
2292-90a01583-25d1-4d87-a41b-9f772c314d61,1501292146627,10,演说者,天蓝色
2292-90a01583-25d1-4d87-a41b-9f772c314d61,1501292159355,11,演说者,紫色
2292-90a01583-25d1-4d87-a41b-9f772c314d61,1501292183503,12,演说者,深绿色
2292-90a01583-25d1-4d87-a41b-9f772c314d61,1501292198482,12,倾听者,草的颜色？
2292-90a01583-25d1-4d87-a41b-9f772c314d61,1501292211539,12,演说者,是的
2292-90a01583-25d1-4d87-a41b-9f772c314d61,1501292231135,13,演说者,紫色
2292-90a01583-25d1-4d87-a41b-9f772c314d61,1501292241682,13,倾听者,是粉色吗？
2292-90a01583-25d1-4d87-a41b-9f772c314d61,1501292258843,13,演说者,是的
2292-90a01583-25d1-4d87-a41b-9f772c314d61,1501292290422,14,演说者,土黄色
2292-90a01583-25d1-4d87-a41b-9f772c314d61,1501292332762,15,演说者,不是蓝色不是粉色
2292-90a01583-25d1-4d87-a41b-9f772c314d61,1501292360754,16,演说者,蓝色
2292-90a01583-25d1-4d87-a41b-9f772c314d61,1501292389479,17,演说者,灰色
2292-90a01583-25d1-4d87-a41b-9f772c314d61,1501292463159,18,演说者,灰色。
2292-90a01583-25d1-4d87-a41b-9f772c314d61,1501292496539,19,演说者,最亮的绿色
2292-90a01583-25d1-4d87-a41b-9f772c314d61,1501292525173,20,演说者,紫色
2292-90a01583-25d1-4d87-a41b-9f772c314d61,1501292561219,21,演说者,灰色
2292-90a01583-25d1-4d87-a41b-9f772c314d61,1501292593967,22,演说者,紫色
2292-90a01583-25d1-4d87-a41b-9f772c314d61,1501292688974,23,演说者,不是最亮的绿色。第二亮的绿色
2292-90a01583-25d1-4d87-a41b-9f772c314d61,1501292756768,24,演说者,颜色较深的绿色
2292-90a01583-25d1-4d87-a41b-9f772c314d61,1501292781576,24,倾听者,偏黄色？
2292-90a01583-25d1-4d87-a41b-9f772c314d61,1501292820614,24,演说者,偏绿。不偏黄
2292-90a01583-25d1-4d87-a41b-9f772c314d61,1501292880754,25,演说者,偏紫色
2292-90a01583-25d1-4d87-a41b-9f772c314d61,1501292891521,25,倾听者,蓝色？
2292-90a01583-25d1-4d87-a41b-9f772c314d61,1501292900977,25,演说者,不是蓝色
2292-90a01583-25d1-4d87-a41b-9f772c314d61,1501292919435,25,倾听者,黄色？
2292-90a01583-25d1-4d87-a41b-9f772c314d61,1501292929063,25,演说者,不是
2292-90a01583-25d1-4d87-a41b-9f772c314d61,1501292962679,26,演说者,蓝色
2292-90a01583-25d1-4d87-a41b-9f772c314d61,1501292989096,26,演说者,偏灰
2292-90a01583-25d1-4d87-a41b-9f772c314d61,1501292990960,26,倾听者,偏绿色？
2292-90a01583-25d1-4d87-a41b-9f772c314d61,1501293034415,26,演说者,不偏绿
2292-90a01583-25d1-4d87-a41b-9f772c314d61,1501293067414,27,演说者,比较暗的蓝色
2292-90a01583-25d1-4d87-a41b-9f772c314d61,1501293131145,28,演说者,亮度居中的绿色
2292-90a01583-25d1-4d87-a41b-9f772c314d61,1501293145538,29,演说者,绿色
2292-90a01583-25d1-4d87-a41b-9f772c314d61,1501293220358,30,演说者,亮度居中的蓝色
2292-90a01583-25d1-4d87-a41b-9f772c314d61,1501293235143,30,倾听者,偏灰色？
2292-90a01583-25d1-4d87-a41b-9f772c314d61,1501293247635,30,演说者,不是
2292-90a01583-25d1-4d87-a41b-9f772c314d61,1501293308839,31,演说者,最亮的绿色
2292-90a01583-25d1-4d87-a41b-9f772c314d61,1501293391310,32,演说者,偏暗的蓝色， 不是紫色
2292-90a01583-25d1-4d87-a41b-9f772c314d61,1501293419848,32,倾听者,深蓝色？
2292-90a01583-25d1-4d87-a41b-9f772c314d61,1501293437831,32,演说者,不是
2292-90a01583-25d1-4d87-a41b-9f772c314d61,1501293473133,32,演说者,浅蓝
2292-90a01583-25d1-4d87-a41b-9f772c314d61,1501293545451,33,演说者,深绿， 不偏黄
2292-90a01583-25d1-4d87-a41b-9f772c314d61,1501293599034,34,演说者,最亮的紫色
2292-90a01583-25d1-4d87-a41b-9f772c314d61,1501293642379,35,演说者,蓝色
2292-90a01583-25d1-4d87-a41b-9f772c314d61,1501293715528,36,演说者,不是红色，不是亮绿色
2292-90a01583-25d1-4d87-a41b-9f772c314d61,1501293799481,37,演说者,草绿色，偏亮
2292-90a01583-25d1-4d87-a41b-9f772c314d61,1501293834819,38,演说者,绿色偏黄
2292-90a01583-25d1-4d87-a41b-9f772c314d61,1501293853825,38,倾听者,黄色？
2292-90a01583-25d1-4d87-a41b-9f772c314d61,1501293866055,38,演说者,是的
2292-90a01583-25d1-4d87-a41b-9f772c314d61,1501293911930,39,演说者,浅蓝色
2292-90a01583-25d1-4d87-a41b-9f772c314d61,1501293950429,40,演说者,灰色
2292-90a01583-25d1-4d87-a41b-9f772c314d61,1501293985051,41,演说者,紫色
2292-90a01583-25d1-4d87-a41b-9f772c314d61,1501294008327,42,演说者,紫色
2292-90a01583-25d1-4d87-a41b-9f772c314d61,1501294063040,43,演说者,绿色
2292-90a01583-25d1-4d87-a41b-9f772c314d61,1501294096907,43,倾听者,草绿色？
2292-90a01583-25d1-4d87-a41b-9f772c314d61,1501294107289,43,演说者,是的
2292-90a01583-25d1-4d87-a41b-9f772c314d61,1501294184533,44,演说者,最亮的粉红
2292-90a01583-25d1-4d87-a41b-9f772c314d61,1501294240451,45,演说者,粉红色，偏亮
2292-90a01583-25d1-4d87-a41b-9f772c314d61,1501294279322,46,演说者,绿色
2292-90a01583-25d1-4d87-a41b-9f772c314d61,1501294339126,47,演说者,灰色，不是蓝色，不是紫色
2292-90a01583-25d1-4d87-a41b-9f772c314d61,1501294434192,48,演说者,绿色偏淡蓝色
2292-90a01583-25d1-4d87-a41b-9f772c314d61,1501294473053,48,倾听者,偏黄色？
2292-90a01583-25d1-4d87-a41b-9f772c314d61,1501294504260,48,演说者,不偏黄
2292-90a01583-25d1-4d87-a41b-9f772c314d61,1501294533321,49,演说者,深绿色
2292-90a01583-25d1-4d87-a41b-9f772c314d61,1501294610376,50,演说者,绿色偏亮
8444-6d997204-8828-40b7-bbf6-c0645a0cbd0d,1501302745231,0,演说者,一直没办法连接
8444-6d997204-8828-40b7-bbf6-c0645a0cbd0d,1501303706535,1,倾听者,你好！
8444-6d997204-8828-40b7-bbf6-c0645a0cbd0d,1501303719751,1,演说者,你好
8444-6d997204-8828-40b7-bbf6-c0645a0cbd0d,1501303744135,1,倾听者,要选哪一个？
8444-6d997204-8828-40b7-bbf6-c0645a0cbd0d,1501303782290,1,演说者,我这边没有荧幕出来！下面还写着“等待另一人连接。。。”
8444-6d997204-8828-40b7-bbf6-c0645a0cbd0d,1501303800686,1,倾听者,啊，奇怪
8444-6d997204-8828-40b7-bbf6-c0645a0cbd0d,1501303812362,1,演说者,该怎么办呢
8444-6d997204-8828-40b7-bbf6-c0645a0cbd0d,1501303900763,1,倾听者,其实我是这饰演的经历。你的workerID是什么？我会帮你赔偿
8444-6d997204-8828-40b7-bbf6-c0645a0cbd0d,1501303935037,1,倾听者,实验*
8444-6d997204-8828-40b7-bbf6-c0645a0cbd0d,1501303961183,1,演说者,我的worker ID是***REMOVED***
2255-9fa890ac-0d4f-49fc-b150-e326730c9eb0,1501319213834,0,演说者, 红色
2255-9fa890ac-0d4f-49fc-b150-e326730c9eb0,1501319220851,0,演说者, 红色
2255-9fa890ac-0d4f-49fc-b150-e326730c9eb0,1501319223803,0,演说者, 红色
1871-158cfb4f-05b1-4176-8fad-752fe0e17435,1501344012430,0,演说者,你好
9348-ddc3073d-5d80-4428-ac3c-256116fad113,1501360954811,0,演说者,?
5868-39a69aa5-b3d0-4893-9448-65f97cc6fc60,1501422327368,1,演说者,青草的颜色但较浅
5868-39a69aa5-b3d0-4893-9448-65f97cc6fc60,1501422389085,2,倾听者,我这边有三个都比较深的颜色
5868-39a69aa5-b3d0-4893-9448-65f97cc6fc60,1501422448128,2,演说者,黑色？
5868-39a69aa5-b3d0-4893-9448-65f97cc6fc60,1501422466608,2,演说者,要下雨时通常天空会？
5868-39a69aa5-b3d0-4893-9448-65f97cc6fc60,1501422476418,2,倾听者,深灰色?
5868-39a69aa5-b3d0-4893-9448-65f97cc6fc60,1501422488408,2,演说者,再淡点？
5868-39a69aa5-b3d0-4893-9448-65f97cc6fc60,1501422511665,3,演说者,青草的颜色
5868-39a69aa5-b3d0-4893-9448-65f97cc6fc60,1501422538798,3,倾听者,我这边有两个绿色，是不是更亮一点的那个?
5868-39a69aa5-b3d0-4893-9448-65f97cc6fc60,1501422542604,3,演说者,对
5868-39a69aa5-b3d0-4893-9448-65f97cc6fc60,1501422552417,4,演说者,最亮的
5868-39a69aa5-b3d0-4893-9448-65f97cc6fc60,1501422564384,5,演说者,较不同的
5868-39a69aa5-b3d0-4893-9448-65f97cc6fc60,1501422574388,6,演说者,最亮的
5868-39a69aa5-b3d0-4893-9448-65f97cc6fc60,1501422602235,7,演说者,比较接近女生的颜色
5868-39a69aa5-b3d0-4893-9448-65f97cc6fc60,1501422610989,7,倾听者,绿色？
5868-39a69aa5-b3d0-4893-9448-65f97cc6fc60,1501422613873,7,演说者,不是
5868-39a69aa5-b3d0-4893-9448-65f97cc6fc60,1501422630038,7,倾听者,另外两个都很像灰色
5868-39a69aa5-b3d0-4893-9448-65f97cc6fc60,1501422635335,7,倾听者,是棕灰色？
5868-39a69aa5-b3d0-4893-9448-65f97cc6fc60,1501422640671,7,演说者,比较粉的
5868-39a69aa5-b3d0-4893-9448-65f97cc6fc60,1501422657993,8,演说者,粉红和？
5868-39a69aa5-b3d0-4893-9448-65f97cc6fc60,1501422668897,8,演说者,紫色
5868-39a69aa5-b3d0-4893-9448-65f97cc6fc60,1501422679033,9,演说者,不亮的
5868-39a69aa5-b3d0-4893-9448-65f97cc6fc60,1501422690897,10,演说者,粉紫
5868-39a69aa5-b3d0-4893-9448-65f97cc6fc60,1501422703681,11,演说者,黄
5868-39a69aa5-b3d0-4893-9448-65f97cc6fc60,1501422713344,12,演说者,粉色
5868-39a69aa5-b3d0-4893-9448-65f97cc6fc60,1501422730261,13,演说者,比较接近大地的
5868-39a69aa5-b3d0-4893-9448-65f97cc6fc60,1501422745097,14,演说者,不是亮的粉
5868-39a69aa5-b3d0-4893-9448-65f97cc6fc60,1501422766385,15,演说者,偏蓝的绿
5868-39a69aa5-b3d0-4893-9448-65f97cc6fc60,1501422779168,16,演说者,深蓝
5868-39a69aa5-b3d0-4893-9448-65f97cc6fc60,1501422790089,17,演说者,大地
5868-39a69aa5-b3d0-4893-9448-65f97cc6fc60,1501422800053,18,演说者,亮粉
5868-39a69aa5-b3d0-4893-9448-65f97cc6fc60,1501422816909,19,演说者,比较深的紫
5868-39a69aa5-b3d0-4893-9448-65f97cc6fc60,1501422854425,20,演说者,不是偏粉的紫 不亮
5868-39a69aa5-b3d0-4893-9448-65f97cc6fc60,1501422869871,21,演说者,亮粉
5868-39a69aa5-b3d0-4893-9448-65f97cc6fc60,1501422878317,22,演说者,灰色
5868-39a69aa5-b3d0-4893-9448-65f97cc6fc60,1501422883713,22,演说者,不偏蓝
5868-39a69aa5-b3d0-4893-9448-65f97cc6fc60,1501422906673,23,演说者,最沉的绿
5868-39a69aa5-b3d0-4893-9448-65f97cc6fc60,1501422923740,24,演说者,不偏粉的紫
5868-39a69aa5-b3d0-4893-9448-65f97cc6fc60,1501422958960,25,演说者,绿色 不太棕
5868-39a69aa5-b3d0-4893-9448-65f97cc6fc60,1501422962065,25,演说者,比较灰
5868-39a69aa5-b3d0-4893-9448-65f97cc6fc60,1501422973361,26,演说者,灰色
5868-39a69aa5-b3d0-4893-9448-65f97cc6fc60,1501422983321,27,演说者,亮粉
5868-39a69aa5-b3d0-4893-9448-65f97cc6fc60,1501422998481,28,演说者,黄色
5868-39a69aa5-b3d0-4893-9448-65f97cc6fc60,1501423008097,29,演说者,大地
5868-39a69aa5-b3d0-4893-9448-65f97cc6fc60,1501423015482,30,演说者,灰色
5868-39a69aa5-b3d0-4893-9448-65f97cc6fc60,1501423026008,31,演说者,最亮的
5868-39a69aa5-b3d0-4893-9448-65f97cc6fc60,1501423034697,32,演说者,最亮的绿
5868-39a69aa5-b3d0-4893-9448-65f97cc6fc60,1501423048985,33,演说者,粉色
5868-39a69aa5-b3d0-4893-9448-65f97cc6fc60,1501423056365,34,演说者,蓝色
5868-39a69aa5-b3d0-4893-9448-65f97cc6fc60,1501423101851,35,演说者,三个中 排行第二亮的
5868-39a69aa5-b3d0-4893-9448-65f97cc6fc60,1501423112593,36,演说者,绿色
5868-39a69aa5-b3d0-4893-9448-65f97cc6fc60,1501423132929,37,演说者,橙色 很橙的
5868-39a69aa5-b3d0-4893-9448-65f97cc6fc60,1501423141874,38,演说者,紫色
5868-39a69aa5-b3d0-4893-9448-65f97cc6fc60,1501423155529,39,演说者,浅粉色
5868-39a69aa5-b3d0-4893-9448-65f97cc6fc60,1501423172393,40,演说者,比较暗淡的绿
5868-39a69aa5-b3d0-4893-9448-65f97cc6fc60,1501423193209,41,演说者,偏紫色 
5868-39a69aa5-b3d0-4893-9448-65f97cc6fc60,1501423209513,42,演说者,偏粉红色
5868-39a69aa5-b3d0-4893-9448-65f97cc6fc60,1501423243226,43,演说者,最普通彩盘中的亮青
5868-39a69aa5-b3d0-4893-9448-65f97cc6fc60,1501423260971,44,演说者,蓝色
5868-39a69aa5-b3d0-4893-9448-65f97cc6fc60,1501423292609,45,演说者,不是最亮的 剩下两个中偏淡的
5868-39a69aa5-b3d0-4893-9448-65f97cc6fc60,1501423306618,46,演说者,绿色
5868-39a69aa5-b3d0-4893-9448-65f97cc6fc60,1501423317027,47,演说者,偏绿
5868-39a69aa5-b3d0-4893-9448-65f97cc6fc60,1501423344646,48,演说者,不是最亮的 剩下两个中不偏淡的
5868-39a69aa5-b3d0-4893-9448-65f97cc6fc60,1501423364017,49,演说者,绿色
5868-39a69aa5-b3d0-4893-9448-65f97cc6fc60,1501423374553,50,演说者,亮蓝色
7226-ccc3b8d4-37a4-4334-9095-74260418e8c1,1501443245823,1,倾听者,请问第一轮目标颜色是什么？
3610-4afa250f-b688-4e5b-9f95-a0f5fc43e027,1501452478469,1,倾听者,Hi 
7896-f060947b-7bdc-451b-9139-f3540bb3c3ef,1501452595358,1,倾听者,Hi 
7896-f060947b-7bdc-451b-9139-f3540bb3c3ef,1501452606498,1,演说者,wtf
7896-f060947b-7bdc-451b-9139-f3540bb3c3ef,1501452640416,1,演说者,lmao it's the color of a pencil
7896-f060947b-7bdc-451b-9139-f3540bb3c3ef,1501452653597,1,倾听者,-_-
7896-f060947b-7bdc-451b-9139-f3540bb3c3ef,1501452666897,1,演说者,a very dull color
9995-654213b9-ce95-4200-a38e-2e0ae1055a62,1501452927948,1,演说者,是浅蓝色
4663-c35c048d-6eed-4886-a6cb-1dc3361a4785,1501472733540,0,演说者,你好
3170-5d9c9d39-61e3-47ad-9152-f609eb8e39c0,1501484013436,0,演说者, 黑色
3170-5d9c9d39-61e3-47ad-9152-f609eb8e39c0,1501484055204,0,演说者, 红
3170-5d9c9d39-61e3-47ad-9152-f609eb8e39c0,1501484076604,0,演说者, 绿色
3170-5d9c9d39-61e3-47ad-9152-f609eb8e39c0,1501484134631,0,演说者,BLACK
3170-5d9c9d39-61e3-47ad-9152-f609eb8e39c0,1501484147792,0,演说者,TREE
7024-9f33f165-8d4a-44db-8b60-8236445b9073,1501528152258,1,演说者,你好
7024-9f33f165-8d4a-44db-8b60-8236445b9073,1501528167707,1,倾听者,你好
7024-9f33f165-8d4a-44db-8b60-8236445b9073,1501528291799,1,演说者,浅绿色
7024-9f33f165-8d4a-44db-8b60-8236445b9073,1501528320031,2,演说者,绿色
7024-9f33f165-8d4a-44db-8b60-8236445b9073,1501528433907,3,演说者,茄子
7024-9f33f165-8d4a-44db-8b60-8236445b9073,1501528484244,4,演说者,草
7024-9f33f165-8d4a-44db-8b60-8236445b9073,1501528593430,5,演说者,草的颜色
7024-9f33f165-8d4a-44db-8b60-8236445b9073,1501528628015,6,演说者,色泽鲜艳
7024-9f33f165-8d4a-44db-8b60-8236445b9073,1501528696023,7,演说者,忍者龟
7024-9f33f165-8d4a-44db-8b60-8236445b9073,1501528788035,8,演说者,轻茄子
7024-9f33f165-8d4a-44db-8b60-8236445b9073,1501528837255,9,演说者,绿色但不太绿
7024-9f33f165-8d4a-44db-8b60-8236445b9073,1501528884773,10,演说者,绿色但不太绿
7024-9f33f165-8d4a-44db-8b60-8236445b9073,1501528926216,11,倾听者,非常明亮，引起注意
7024-9f33f165-8d4a-44db-8b60-8236445b9073,1501528963589,12,演说者,明亮的紫色
7024-9f33f165-8d4a-44db-8b60-8236445b9073,1501529045580,13,演说者,老绿
7024-9f33f165-8d4a-44db-8b60-8236445b9073,1501529136366,14,演说者,灰蓝色
7024-9f33f165-8d4a-44db-8b60-8236445b9073,1501529234372,15,演说者,浅绿色
7024-9f33f165-8d4a-44db-8b60-8236445b9073,1501529256821,16,演说者,浅橙色
7024-9f33f165-8d4a-44db-8b60-8236445b9073,1501529282262,17,演说者,绿色
7024-9f33f165-8d4a-44db-8b60-8236445b9073,1501529331347,18,演说者,浅绿色灰色
7024-9f33f165-8d4a-44db-8b60-8236445b9073,1501529355896,19,演说者,紫色
7024-9f33f165-8d4a-44db-8b60-8236445b9073,1501529468678,20,演说者,浅灰色
7024-9f33f165-8d4a-44db-8b60-8236445b9073,1501529501234,21,演说者,浅紫色
7024-9f33f165-8d4a-44db-8b60-8236445b9073,1501529533087,22,演说者,蓝色
7222-e243dab1-ed91-439d-a2c2-d5db38ba46c7,1501566794786,1,演说者,深紫色
7088-659baa26-46e1-4ff5-86e3-c31fe4ba4bab,1501607917151,1,演说者,是两个比较接近的颜色中的一个
7088-659baa26-46e1-4ff5-86e3-c31fe4ba4bab,1501607953690,1,演说者,在两个比较接近的颜色中深色的那一个
4427-7ad2d1fe-acb6-4260-9b49-6f4b44902a17,1501614648772,0,演说者,?
4427-7ad2d1fe-acb6-4260-9b49-6f4b44902a17,1501616144254,1,演说者,草
4427-7ad2d1fe-acb6-4260-9b49-6f4b44902a17,1501616170519,1,演说者,青草
4427-7ad2d1fe-acb6-4260-9b49-6f4b44902a17,1501616198020,1,演说者,牧草
4427-7ad2d1fe-acb6-4260-9b49-6f4b44902a17,1501616214696,1,演说者,?
4427-7ad2d1fe-acb6-4260-9b49-6f4b44902a17,1501616394780,1,演说者,植物叶
4427-7ad2d1fe-acb6-4260-9b49-6f4b44902a17,1501616754565,1,倾听者,绿
4427-7ad2d1fe-acb6-4260-9b49-6f4b44902a17,1501616836289,1,倾听者,？
4427-7ad2d1fe-acb6-4260-9b49-6f4b44902a17,1501617105508,1,演说者,选择它
9652-0fe4cd13-8a86-4391-b58d-08d12f0d1dea,1501680263913,0,演说者,人呢 
9652-0fe4cd13-8a86-4391-b58d-08d12f0d1dea,1501680274448,0,演说者,在吗
9652-0fe4cd13-8a86-4391-b58d-08d12f0d1dea,1501681942810,0,演说者,人呢 在吗
4897-de14bbb4-eb62-447f-9190-ad5729cc33d8,1501797303005,1,演说者,你好
4897-de14bbb4-eb62-447f-9190-ad5729cc33d8,1501797308497,1,倾听者,你好
4897-de14bbb4-eb62-447f-9190-ad5729cc33d8,1501797310058,1,演说者,准备好了吗？
4897-de14bbb4-eb62-447f-9190-ad5729cc33d8,1501797313129,1,倾听者,好了
4897-de14bbb4-eb62-447f-9190-ad5729cc33d8,1501797321900,1,演说者,草的颜色
4897-de14bbb4-eb62-447f-9190-ad5729cc33d8,1501797363899,2,演说者,这颜色不接近天，也不接近草
4897-de14bbb4-eb62-447f-9190-ad5729cc33d8,1501797406892,3,演说者,接近草的颜色，但比较深
4897-de14bbb4-eb62-447f-9190-ad5729cc33d8,1501797461851,4,演说者,这有点难
4897-de14bbb4-eb62-447f-9190-ad5729cc33d8,1501797510154,4,演说者,颜色不接近草
4897-de14bbb4-eb62-447f-9190-ad5729cc33d8,1501797534938,5,演说者,颜色不接近天空
4897-de14bbb4-eb62-447f-9190-ad5729cc33d8,1501797549128,6,演说者,草的颜色
4897-de14bbb4-eb62-447f-9190-ad5729cc33d8,1501797604077,7,演说者,我们通常叫什么外线?
4897-de14bbb4-eb62-447f-9190-ad5729cc33d8,1501797610905,7,演说者,外线的颜色
4897-de14bbb4-eb62-447f-9190-ad5729cc33d8,1501797632106,8,演说者,比较深的外线颜色
4897-de14bbb4-eb62-447f-9190-ad5729cc33d8,1501797649554,9,演说者,外线颜色
4897-de14bbb4-eb62-447f-9190-ad5729cc33d8,1501797676521,10,演说者,比较光的外线颜色
4897-de14bbb4-eb62-447f-9190-ad5729cc33d8,1501797714978,11,演说者,亮一点的草的颜色
4897-de14bbb4-eb62-447f-9190-ad5729cc33d8,1501797741549,12,演说者,不是草也不是太阳的颜色
4897-de14bbb4-eb62-447f-9190-ad5729cc33d8,1501797767731,13,演说者,不是天空也不是外线的颜色
4897-de14bbb4-eb62-447f-9190-ad5729cc33d8,1501797789294,14,演说者,太阳的颜色
4897-de14bbb4-eb62-447f-9190-ad5729cc33d8,1501797805801,15,演说者,最接近草的颜色
4897-de14bbb4-eb62-447f-9190-ad5729cc33d8,1501797832060,16,演说者,外线颜色
4897-de14bbb4-eb62-447f-9190-ad5729cc33d8,1501797867858,17,演说者,最浅的草的颜色
4897-de14bbb4-eb62-447f-9190-ad5729cc33d8,1501797890420,18,演说者,最接近太阳的颜色
4897-de14bbb4-eb62-447f-9190-ad5729cc33d8,1501797905394,19,演说者,最接近草的颜色
4897-de14bbb4-eb62-447f-9190-ad5729cc33d8,1501797939903,20,演说者,粱美梦的颜色？
4897-de14bbb4-eb62-447f-9190-ad5729cc33d8,1501797952186,21,演说者,草的颜色
4897-de14bbb4-eb62-447f-9190-ad5729cc33d8,1501798012403,22,演说者,接近草的颜色，可是没那么绿
4897-de14bbb4-eb62-447f-9190-ad5729cc33d8,1501798031482,23,演说者,亮的外线
4897-de14bbb4-eb62-447f-9190-ad5729cc33d8,1501798042733,24,演说者,外线颜色
4897-de14bbb4-eb62-447f-9190-ad5729cc33d8,1501798074023,25,演说者,这里面最亮最深的颜色
4897-de14bbb4-eb62-447f-9190-ad5729cc33d8,1501798092142,26,演说者,天的颜色
4897-de14bbb4-eb62-447f-9190-ad5729cc33d8,1501798108366,27,演说者,亮的草的颜色
4897-de14bbb4-eb62-447f-9190-ad5729cc33d8,1501798123505,28,演说者,土的颜色
4897-de14bbb4-eb62-447f-9190-ad5729cc33d8,1501798141388,29,演说者,最接近天的颜色
4897-de14bbb4-eb62-447f-9190-ad5729cc33d8,1501798163566,30,演说者,没那么亮的天的颜色
4897-de14bbb4-eb62-447f-9190-ad5729cc33d8,1501798177970,31,演说者,草的颜色
4897-de14bbb4-eb62-447f-9190-ad5729cc33d8,1501798205959,32,演说者,这里面颜色最中间
4897-de14bbb4-eb62-447f-9190-ad5729cc33d8,1501798234498,33,演说者,不是天也不是图的颜色
4897-de14bbb4-eb62-447f-9190-ad5729cc33d8,1501798237074,33,演说者,土
4897-de14bbb4-eb62-447f-9190-ad5729cc33d8,1501798253017,34,演说者,草的颜色
4897-de14bbb4-eb62-447f-9190-ad5729cc33d8,1501798291207,35,演说者,这里面颜色最深
4897-de14bbb4-eb62-447f-9190-ad5729cc33d8,1501798300910,36,演说者,草的颜色
4897-de14bbb4-eb62-447f-9190-ad5729cc33d8,1501798320916,37,演说者,浅的天空颜色
4897-de14bbb4-eb62-447f-9190-ad5729cc33d8,1501798335220,38,演说者,土的颜色
4897-de14bbb4-eb62-447f-9190-ad5729cc33d8,1501798352040,39,演说者,最接近太阳颜色
4897-de14bbb4-eb62-447f-9190-ad5729cc33d8,1501798370858,40,演说者,最接近土的颜色
4897-de14bbb4-eb62-447f-9190-ad5729cc33d8,1501798399470,41,演说者,这里面最深的颜色
4897-de14bbb4-eb62-447f-9190-ad5729cc33d8,1501798417963,42,演说者,土的颜色
4897-de14bbb4-eb62-447f-9190-ad5729cc33d8,1501798434144,43,演说者,亮的草的颜色
4897-de14bbb4-eb62-447f-9190-ad5729cc33d8,1501798466317,44,演说者,这里面亮度在中间
4897-de14bbb4-eb62-447f-9190-ad5729cc33d8,1501798482488,45,演说者,最接近天空的颜色
4897-de14bbb4-eb62-447f-9190-ad5729cc33d8,1501798513092,46,演说者,最接近户的颜色
4897-de14bbb4-eb62-447f-9190-ad5729cc33d8,1501798516083,46,演说者,湖
4897-de14bbb4-eb62-447f-9190-ad5729cc33d8,1501798541410,47,演说者,这里面颜色最浅
4897-de14bbb4-eb62-447f-9190-ad5729cc33d8,1501798560765,48,演说者,深的草的颜色
4897-de14bbb4-eb62-447f-9190-ad5729cc33d8,1501798572670,49,演说者,土的颜色
4897-de14bbb4-eb62-447f-9190-ad5729cc33d8,1501798595719,50,演说者,这里面最亮的颜色
1759-ffb67cfb-7c59-41a0-8798-ec3a12d50f61,1501812988462,1,倾听者,没人吗
5465-9799631c-c1a7-4b17-8944-307f2bf89df2,1501840886667,0,演说者,?
5465-9799631c-c1a7-4b17-8944-307f2bf89df2,1501842906664,0,演说者,?
5465-9799631c-c1a7-4b17-8944-307f2bf89df2,1501843460036,0,演说者,?
5465-9799631c-c1a7-4b17-8944-307f2bf89df2,1501844291745,1,倾听者,請描述？
8012-c895c0b1-039f-4115-804c-38c5cdb04344,1501847887625,0,演说者,你好
2069-a834b661-65ff-488a-8305-756ae723718c,1502050985977,0,演说者,?
2069-a834b661-65ff-488a-8305-756ae723718c,1502051206508,1,演说者,黑暗
2069-a834b661-65ff-488a-8305-756ae723718c,1502051239701,1,演说者,草
9288-3ab08619-cc57-4f49-8e10-7bcc5f5ed5b4,1502069408586,1,倾听者,开始了吗
9288-3ab08619-cc57-4f49-8e10-7bcc5f5ed5b4,1502069468483,1,演说者,开始了
9288-3ab08619-cc57-4f49-8e10-7bcc5f5ed5b4,1502069499985,1,演说者,这个颜色是天空的颜色
9288-3ab08619-cc57-4f49-8e10-7bcc5f5ed5b4,1502069524114,2,演说者,这是皮肤颜色
9288-3ab08619-cc57-4f49-8e10-7bcc5f5ed5b4,1502069565018,3,演说者,这是有点红色的颜色
9288-3ab08619-cc57-4f49-8e10-7bcc5f5ed5b4,1502069582845,3,倾听者,是深红吗
9288-3ab08619-cc57-4f49-8e10-7bcc5f5ed5b4,1502069590083,3,倾听者,还是粉红？
9288-3ab08619-cc57-4f49-8e10-7bcc5f5ed5b4,1502069593862,3,演说者,深红
9288-3ab08619-cc57-4f49-8e10-7bcc5f5ed5b4,1502069626711,4,演说者,有点灰的浅绿色
9288-3ab08619-cc57-4f49-8e10-7bcc5f5ed5b4,1502069642694,5,演说者,紫色
9288-3ab08619-cc57-4f49-8e10-7bcc5f5ed5b4,1502069673350,6,演说者,绿色
9288-3ab08619-cc57-4f49-8e10-7bcc5f5ed5b4,1502069686207,7,演说者,灰绿色
9288-3ab08619-cc57-4f49-8e10-7bcc5f5ed5b4,1502069696566,8,演说者,紫色
9288-3ab08619-cc57-4f49-8e10-7bcc5f5ed5b4,1502069711030,9,演说者,灰色
9288-3ab08619-cc57-4f49-8e10-7bcc5f5ed5b4,1502069740203,10,演说者,这是比较深色的那个绿色
9288-3ab08619-cc57-4f49-8e10-7bcc5f5ed5b4,1502069752301,11,演说者,灰色
9288-3ab08619-cc57-4f49-8e10-7bcc5f5ed5b4,1502069779013,12,演说者,算是灰色吧
9288-3ab08619-cc57-4f49-8e10-7bcc5f5ed5b4,1502069795030,13,演说者,神皇色
9288-3ab08619-cc57-4f49-8e10-7bcc5f5ed5b4,1502069798487,13,演说者,深黄色
9288-3ab08619-cc57-4f49-8e10-7bcc5f5ed5b4,1502069815789,14,演说者,绿色
9288-3ab08619-cc57-4f49-8e10-7bcc5f5ed5b4,1502069840957,15,演说者,这个比较难
9288-3ab08619-cc57-4f49-8e10-7bcc5f5ed5b4,1502069858047,15,演说者,比较浅色的紫色
9288-3ab08619-cc57-4f49-8e10-7bcc5f5ed5b4,1502069886816,16,演说者,比较艳的绿色
9288-3ab08619-cc57-4f49-8e10-7bcc5f5ed5b4,1502069914535,17,演说者,浅粉红灰色
9288-3ab08619-cc57-4f49-8e10-7bcc5f5ed5b4,1502069943021,18,演说者,肉色
9288-3ab08619-cc57-4f49-8e10-7bcc5f5ed5b4,1502069962508,19,演说者,艳的紫色
9288-3ab08619-cc57-4f49-8e10-7bcc5f5ed5b4,1502069984982,20,演说者,这里有三个绿色
9288-3ab08619-cc57-4f49-8e10-7bcc5f5ed5b4,1502070001388,20,演说者,一个艳绿色 和一个比较灰的绿色
9288-3ab08619-cc57-4f49-8e10-7bcc5f5ed5b4,1502070011302,20,演说者,是剩下的那个色
9288-3ab08619-cc57-4f49-8e10-7bcc5f5ed5b4,1502070036395,21,演说者,艳绿色
9288-3ab08619-cc57-4f49-8e10-7bcc5f5ed5b4,1502070045774,22,演说者,绿色
9288-3ab08619-cc57-4f49-8e10-7bcc5f5ed5b4,1502070059862,23,演说者,紫色
9288-3ab08619-cc57-4f49-8e10-7bcc5f5ed5b4,1502070082452,24,演说者,比较蓝色的那个色
9288-3ab08619-cc57-4f49-8e10-7bcc5f5ed5b4,1502070108490,25,演说者,艳蓝色
9288-3ab08619-cc57-4f49-8e10-7bcc5f5ed5b4,1502070136230,26,演说者,艳紫色
9288-3ab08619-cc57-4f49-8e10-7bcc5f5ed5b4,1502070145458,27,演说者,黄色
9288-3ab08619-cc57-4f49-8e10-7bcc5f5ed5b4,1502070163599,28,演说者,艳绿色
9288-3ab08619-cc57-4f49-8e10-7bcc5f5ed5b4,1502070184202,29,演说者,有点粉红色的灰色
9288-3ab08619-cc57-4f49-8e10-7bcc5f5ed5b4,1502070205042,30,演说者,浅橘色
9288-3ab08619-cc57-4f49-8e10-7bcc5f5ed5b4,1502070222932,31,演说者,艳绿色
9288-3ab08619-cc57-4f49-8e10-7bcc5f5ed5b4,1502070245482,32,演说者,艳蓝色
9288-3ab08619-cc57-4f49-8e10-7bcc5f5ed5b4,1502070263726,33,演说者,有点灰的绿色
9288-3ab08619-cc57-4f49-8e10-7bcc5f5ed5b4,1502070279275,34,演说者,灰色
9288-3ab08619-cc57-4f49-8e10-7bcc5f5ed5b4,1502070298798,35,演说者,绿色
9288-3ab08619-cc57-4f49-8e10-7bcc5f5ed5b4,1502070318954,36,演说者,有点黄色的绿色
9288-3ab08619-cc57-4f49-8e10-7bcc5f5ed5b4,1502070333299,37,演说者,灰色
9288-3ab08619-cc57-4f49-8e10-7bcc5f5ed5b4,1502070347473,38,演说者,蓝色
9288-3ab08619-cc57-4f49-8e10-7bcc5f5ed5b4,1502070370914,39,演说者,蓝色
9288-3ab08619-cc57-4f49-8e10-7bcc5f5ed5b4,1502070384653,40,演说者,艳紫红色
9288-3ab08619-cc57-4f49-8e10-7bcc5f5ed5b4,1502070412183,41,演说者,蓝色
9288-3ab08619-cc57-4f49-8e10-7bcc5f5ed5b4,1502070436675,42,演说者,黄色
9288-3ab08619-cc57-4f49-8e10-7bcc5f5ed5b4,1502070469175,43,演说者,比较有粉色的灰色
9288-3ab08619-cc57-4f49-8e10-7bcc5f5ed5b4,1502070485910,44,演说者,灰色
9288-3ab08619-cc57-4f49-8e10-7bcc5f5ed5b4,1502070498738,45,演说者,灰色
9288-3ab08619-cc57-4f49-8e10-7bcc5f5ed5b4,1502070519919,46,演说者,紫色
9288-3ab08619-cc57-4f49-8e10-7bcc5f5ed5b4,1502070533718,47,演说者,灰色
9288-3ab08619-cc57-4f49-8e10-7bcc5f5ed5b4,1502070543032,48,演说者,黄色
9288-3ab08619-cc57-4f49-8e10-7bcc5f5ed5b4,1502070569163,49,演说者,纯灰色
9288-3ab08619-cc57-4f49-8e10-7bcc5f5ed5b4,1502070588274,50,演说者,绿色
4286-9e734173-eddb-47a8-b78f-bad48cfe5449,1502072321228,1,演说者,这是一个暖色调
4286-9e734173-eddb-47a8-b78f-bad48cfe5449,1502072363757,2,演说者,这是一个接近天空的颜色
4286-9e734173-eddb-47a8-b78f-bad48cfe5449,1502072401471,3,演说者,这是一个大多数女生都喜欢的可爱的颜色
4286-9e734173-eddb-47a8-b78f-bad48cfe5449,1502072443336,4,演说者,这是一个接近秋冬枯草的颜色
4286-9e734173-eddb-47a8-b78f-bad48cfe5449,1502072464475,4,演说者,军装的颜色
4286-9e734173-eddb-47a8-b78f-bad48cfe5449,1502072505739,5,演说者,这是一个比天空蓝更深的颜色
4286-9e734173-eddb-47a8-b78f-bad48cfe5449,1502072573964,6,演说者,这个颜色在你所看到的三个颜色里最亮
4286-9e734173-eddb-47a8-b78f-bad48cfe5449,1502072630047,7,演说者,你会看到两种特别接近的大地色， 相比之下深一些的颜色是你应该选的
4286-9e734173-eddb-47a8-b78f-bad48cfe5449,1502072695597,8,演说者,两种颜色相近的大地色， 选择有一些微黄的颜色
4286-9e734173-eddb-47a8-b78f-bad48cfe5449,1502072716751,8,演说者,甚至泛着微绿
4286-9e734173-eddb-47a8-b78f-bad48cfe5449,1502072746777,9,演说者,这是一个红绿灯交通色，很亮
4286-9e734173-eddb-47a8-b78f-bad48cfe5449,1502072777264,10,演说者,最接近大地的土色
4286-9e734173-eddb-47a8-b78f-bad48cfe5449,1502072809369,11,演说者,特别接近塑料绿的绿色
4286-9e734173-eddb-47a8-b78f-bad48cfe5449,1502072831387,11,演说者,深又显亮
4286-9e734173-eddb-47a8-b78f-bad48cfe5449,1502072872118,12,演说者,一个比较正，标准的紫色， 
4286-9e734173-eddb-47a8-b78f-bad48cfe5449,1502072890064,13,演说者,深蓝色
4286-9e734173-eddb-47a8-b78f-bad48cfe5449,1502072923535,14,演说者,橘色 比较秋季暖的感觉
4286-9e734173-eddb-47a8-b78f-bad48cfe5449,1502072937240,15,演说者,灰蓝色
4286-9e734173-eddb-47a8-b78f-bad48cfe5449,1502072950996,16,演说者,绿色
4286-9e734173-eddb-47a8-b78f-bad48cfe5449,1502072978510,17,演说者,比较鲜艳的绿色
4286-9e734173-eddb-47a8-b78f-bad48cfe5449,1502072993872,18,演说者,深绿色
4286-9e734173-eddb-47a8-b78f-bad48cfe5449,1502073003626,18,演说者,鲜艳
4286-9e734173-eddb-47a8-b78f-bad48cfe5449,1502073027070,19,演说者,灰色调的紫色
4286-9e734173-eddb-47a8-b78f-bad48cfe5449,1502073043102,20,演说者,深粉色
4286-9e734173-eddb-47a8-b78f-bad48cfe5449,1502073054890,21,演说者,灰色
4286-9e734173-eddb-47a8-b78f-bad48cfe5449,1502073072484,22,演说者,灰色调
4286-9e734173-eddb-47a8-b78f-bad48cfe5449,1502073107449,23,演说者,深绿色， 不是亮绿！
4286-9e734173-eddb-47a8-b78f-bad48cfe5449,1502073130845,24,演说者,带点橘红色的橘色 
4286-9e734173-eddb-47a8-b78f-bad48cfe5449,1502073138640,24,演说者,两个橘色里深一些的那个
4286-9e734173-eddb-47a8-b78f-bad48cfe5449,1502073195044,25,演说者,泛红色的深橘色
4286-9e734173-eddb-47a8-b78f-bad48cfe5449,1502073212229,26,演说者,灰色调的深蓝色
4286-9e734173-eddb-47a8-b78f-bad48cfe5449,1502073229176,27,演说者,亮橘色
4286-9e734173-eddb-47a8-b78f-bad48cfe5449,1502073237159,27,演说者,浅色橘
4286-9e734173-eddb-47a8-b78f-bad48cfe5449,1502073240442,27,演说者,亮！
4286-9e734173-eddb-47a8-b78f-bad48cfe5449,1502073269603,27,演说者,橙汁儿
4286-9e734173-eddb-47a8-b78f-bad48cfe5449,1502073286070,28,演说者,粉色 浅色
4286-9e734173-eddb-47a8-b78f-bad48cfe5449,1502073300438,28,演说者,最接近粉色的那个
4286-9e734173-eddb-47a8-b78f-bad48cfe5449,1502073312358,28,倾听者,你能更具体吗
4286-9e734173-eddb-47a8-b78f-bad48cfe5449,1502073331627,29,演说者,灰色调 绿色
4286-9e734173-eddb-47a8-b78f-bad48cfe5449,1502073339198,29,演说者,最土色
4286-9e734173-eddb-47a8-b78f-bad48cfe5449,1502073346523,29,演说者,最暗沉的
4286-9e734173-eddb-47a8-b78f-bad48cfe5449,1502073357027,29,演说者,棕色土色
4286-9e734173-eddb-47a8-b78f-bad48cfe5449,1502073370927,29,演说者,我的天 我的中文只有初中水平
4286-9e734173-eddb-47a8-b78f-bad48cfe5449,1502073392054,29,演说者,不是绿色， 也不是军绿色
4286-9e734173-eddb-47a8-b78f-bad48cfe5449,1502073407446,29,演说者,剩下的那个土色 棕色，就是了
4286-9e734173-eddb-47a8-b78f-bad48cfe5449,1502073449504,30,演说者,妖艳的紫粉色
4286-9e734173-eddb-47a8-b78f-bad48cfe5449,1502073476029,31,演说者,两个绿色，你要选的是那个有提亮的绿色
4286-9e734173-eddb-47a8-b78f-bad48cfe5449,1502073487447,31,演说者,不是灰暗的绿色
4286-9e734173-eddb-47a8-b78f-bad48cfe5449,1502073512859,31,演说者,像那个紫色一样亮的绿蓝色
4286-9e734173-eddb-47a8-b78f-bad48cfe5449,1502073554210,32,演说者,灰土色 
4286-9e734173-eddb-47a8-b78f-bad48cfe5449,1502073566559,32,演说者,不是任何一个接近绿色的颜色
4286-9e734173-eddb-47a8-b78f-bad48cfe5449,1502073607079,33,演说者,土色，泛黄 泛绿
4286-9e734173-eddb-47a8-b78f-bad48cfe5449,1502073623244,33,演说者,不是橘色 也不是那个带橘红的土色
4286-9e734173-eddb-47a8-b78f-bad48cfe5449,1502073630332,33,演说者,冷色调一些
4286-9e734173-eddb-47a8-b78f-bad48cfe5449,1502073650982,34,演说者,绿色， 深绿
4286-9e734173-eddb-47a8-b78f-bad48cfe5449,1502073673231,35,演说者,红色
4286-9e734173-eddb-47a8-b78f-bad48cfe5449,1502073702604,36,演说者,土橘黄色
4286-9e734173-eddb-47a8-b78f-bad48cfe5449,1502073721658,37,演说者,紫色
4286-9e734173-eddb-47a8-b78f-bad48cfe5449,1502073730574,38,演说者,红色
4286-9e734173-eddb-47a8-b78f-bad48cfe5449,1502073748883,39,演说者,土色， 
4286-9e734173-eddb-47a8-b78f-bad48cfe5449,1502073763688,40,演说者,蓝色
4286-9e734173-eddb-47a8-b78f-bad48cfe5449,1502073772809,40,演说者,深蓝
4286-9e734173-eddb-47a8-b78f-bad48cfe5449,1502073791934,41,演说者,粉色
4286-9e734173-eddb-47a8-b78f-bad48cfe5449,1502073825367,42,演说者,粉色
4286-9e734173-eddb-47a8-b78f-bad48cfe5449,1502073829161,42,演说者,粉红
4286-9e734173-eddb-47a8-b78f-bad48cfe5449,1502073850921,43,演说者,土绿色
4286-9e734173-eddb-47a8-b78f-bad48cfe5449,1502073901144,44,演说者,深紫色
4286-9e734173-eddb-47a8-b78f-bad48cfe5449,1502073945398,44,演说者,深
4286-9e734173-eddb-47a8-b78f-bad48cfe5449,1502073947683,44,演说者,紫色
4286-9e734173-eddb-47a8-b78f-bad48cfe5449,1502073963904,45,演说者,任意一个土色
4286-9e734173-eddb-47a8-b78f-bad48cfe5449,1502073978452,45,倾听者,任意?
4286-9e734173-eddb-47a8-b78f-bad48cfe5449,1502073980903,45,演说者,怎么描述这个都对不了
4286-9e734173-eddb-47a8-b78f-bad48cfe5449,1502073993634,45,演说者,深一些
4286-9e734173-eddb-47a8-b78f-bad48cfe5449,1502073995241,45,演说者,的
4286-9e734173-eddb-47a8-b78f-bad48cfe5449,1502074029012,46,演说者,粉红
4286-9e734173-eddb-47a8-b78f-bad48cfe5449,1502074063621,47,演说者,艳红
4286-9e734173-eddb-47a8-b78f-bad48cfe5449,1502074082137,48,演说者,超级亮 红色
4286-9e734173-eddb-47a8-b78f-bad48cfe5449,1502074114609,49,演说者,暗绿色 但不是最灰色的那个
4286-9e734173-eddb-47a8-b78f-bad48cfe5449,1502074141138,50,演说者,灰色
7921-645b72d1-e1bf-4121-b9b4-d04e9d5c906f,1502126402789,1,演说者,绿色但不太绿
7921-645b72d1-e1bf-4121-b9b4-d04e9d5c906f,1502126430293,2,演说者,红色与浅紫色
7921-645b72d1-e1bf-4121-b9b4-d04e9d5c906f,1502126448361,3,演说者,浅紫色
7921-645b72d1-e1bf-4121-b9b4-d04e9d5c906f,1502126459729,4,演说者,浅紫色
7921-645b72d1-e1bf-4121-b9b4-d04e9d5c906f,1502126473154,4,演说者,黑暗
7921-645b72d1-e1bf-4121-b9b4-d04e9d5c906f,1502126502356,5,演说者,绿色
7921-645b72d1-e1bf-4121-b9b4-d04e9d5c906f,1502126524424,6,演说者,灰绿色
7921-645b72d1-e1bf-4121-b9b4-d04e9d5c906f,1502126545246,7,演说者,紫色
7921-645b72d1-e1bf-4121-b9b4-d04e9d5c906f,1502126563584,8,演说者,明亮的紫色
7921-645b72d1-e1bf-4121-b9b4-d04e9d5c906f,1502126598297,9,演说者,橙子
7921-645b72d1-e1bf-4121-b9b4-d04e9d5c906f,1502126621007,10,演说者,森林绿色
7921-645b72d1-e1bf-4121-b9b4-d04e9d5c906f,1502126647613,11,演说者,灰色
7921-645b72d1-e1bf-4121-b9b4-d04e9d5c906f,1502126704219,12,演说者,玫瑰紫色
7921-645b72d1-e1bf-4121-b9b4-d04e9d5c906f,1502126737109,13,演说者,紫色
7921-645b72d1-e1bf-4121-b9b4-d04e9d5c906f,1502126746145,13,倾听者,黑暗
7921-645b72d1-e1bf-4121-b9b4-d04e9d5c906f,1502126766768,14,演说者,绿色
7921-645b72d1-e1bf-4121-b9b4-d04e9d5c906f,1502126784326,14,倾听者,黑
7921-645b72d1-e1bf-4121-b9b4-d04e9d5c906f,1502126804964,14,倾听者,森林绿色
7921-645b72d1-e1bf-4121-b9b4-d04e9d5c906f,1502126826565,15,演说者,紫色
7921-645b72d1-e1bf-4121-b9b4-d04e9d5c906f,1502126846182,16,演说者,灰色
7921-645b72d1-e1bf-4121-b9b4-d04e9d5c906f,1502126893646,17,演说者,棕色
7921-645b72d1-e1bf-4121-b9b4-d04e9d5c906f,1502126912017,18,演说者,浅绿色
7921-645b72d1-e1bf-4121-b9b4-d04e9d5c906f,1502126953162,18,演说者,透亮
7921-645b72d1-e1bf-4121-b9b4-d04e9d5c906f,1502126979597,19,演说者,透亮绿色
7921-645b72d1-e1bf-4121-b9b4-d04e9d5c906f,1502127021307,20,演说者,橙子
7921-645b72d1-e1bf-4121-b9b4-d04e9d5c906f,1502127068893,21,演说者,绿
7921-645b72d1-e1bf-4121-b9b4-d04e9d5c906f,1502127141421,21,倾听者,品绿
7921-645b72d1-e1bf-4121-b9b4-d04e9d5c906f,1502127153996,21,演说者,是
7921-645b72d1-e1bf-4121-b9b4-d04e9d5c906f,1502127178759,22,演说者,蓝色
7921-645b72d1-e1bf-4121-b9b4-d04e9d5c906f,1502127202281,23,演说者,紫色
7921-645b72d1-e1bf-4121-b9b4-d04e9d5c906f,1502127215553,24,演说者,蓝色
7921-645b72d1-e1bf-4121-b9b4-d04e9d5c906f,1502127251825,25,演说者,蓝色
7921-645b72d1-e1bf-4121-b9b4-d04e9d5c906f,1502127297960,26,演说者,紫色
7921-645b72d1-e1bf-4121-b9b4-d04e9d5c906f,1502127306791,26,演说者,暗
7921-645b72d1-e1bf-4121-b9b4-d04e9d5c906f,1502127330930,27,演说者,红
7921-645b72d1-e1bf-4121-b9b4-d04e9d5c906f,1502127386906,28,演说者,绿色
7921-645b72d1-e1bf-4121-b9b4-d04e9d5c906f,1502127400677,28,演说者,亮
7921-645b72d1-e1bf-4121-b9b4-d04e9d5c906f,1502127426310,29,演说者,深绿色
7921-645b72d1-e1bf-4121-b9b4-d04e9d5c906f,1502127444247,30,演说者,紫色
7921-645b72d1-e1bf-4121-b9b4-d04e9d5c906f,1502127482508,31,演说者,蓝绿
7921-645b72d1-e1bf-4121-b9b4-d04e9d5c906f,1502127508465,32,演说者,深紫色
7921-645b72d1-e1bf-4121-b9b4-d04e9d5c906f,1502127542593,33,演说者,深灰色
7921-645b72d1-e1bf-4121-b9b4-d04e9d5c906f,1502127590053,34,演说者,亮蓝色
7921-645b72d1-e1bf-4121-b9b4-d04e9d5c906f,1502127692578,35,演说者,深灰色
7921-645b72d1-e1bf-4121-b9b4-d04e9d5c906f,1502127723302,36,演说者,深灰色
7921-645b72d1-e1bf-4121-b9b4-d04e9d5c906f,1502127755514,37,演说者,黄色
7921-645b72d1-e1bf-4121-b9b4-d04e9d5c906f,1502127795253,38,倾听者,绿色
7921-645b72d1-e1bf-4121-b9b4-d04e9d5c906f,1502127806480,38,演说者,绿色
7921-645b72d1-e1bf-4121-b9b4-d04e9d5c906f,1502127832414,39,演说者,蓝
7921-645b72d1-e1bf-4121-b9b4-d04e9d5c906f,1502127839473,39,演说者,亮
7921-645b72d1-e1bf-4121-b9b4-d04e9d5c906f,1502127859002,40,演说者,灰色
7921-645b72d1-e1bf-4121-b9b4-d04e9d5c906f,1502127914819,41,演说者,灰
7921-645b72d1-e1bf-4121-b9b4-d04e9d5c906f,1502127924109,41,演说者,棕色
7921-645b72d1-e1bf-4121-b9b4-d04e9d5c906f,1502127944770,42,演说者,绿色
7921-645b72d1-e1bf-4121-b9b4-d04e9d5c906f,1502127970504,43,演说者,棕色
7921-645b72d1-e1bf-4121-b9b4-d04e9d5c906f,1502128079942,44,演说者,叶子脱落的颜色
7921-645b72d1-e1bf-4121-b9b4-d04e9d5c906f,1502128105341,45,演说者,灰色
7921-645b72d1-e1bf-4121-b9b4-d04e9d5c906f,1502128194407,46,演说者,橙子
7921-645b72d1-e1bf-4121-b9b4-d04e9d5c906f,1502128200829,46,演说者,暗
7921-645b72d1-e1bf-4121-b9b4-d04e9d5c906f,1502128212169,47,演说者,灰色
7921-645b72d1-e1bf-4121-b9b4-d04e9d5c906f,1502128237339,48,演说者,不是紫色和蓝色
7921-645b72d1-e1bf-4121-b9b4-d04e9d5c906f,1502128277318,49,演说者,黄绿色
7921-645b72d1-e1bf-4121-b9b4-d04e9d5c906f,1502128295179,50,演说者,蓝色
3805-18ed9ae4-fb5e-4a4b-868c-49cf662540d2,1502137106125,1,演说者,爱
3805-18ed9ae4-fb5e-4a4b-868c-49cf662540d2,1502137146097,2,演说者,玫瑰
3805-18ed9ae4-fb5e-4a4b-868c-49cf662540d2,1502137180628,3,演说者,爱
3805-18ed9ae4-fb5e-4a4b-868c-49cf662540d2,1502137215609,4,演说者,明亮
3805-18ed9ae4-fb5e-4a4b-868c-49cf662540d2,1502137238877,5,演说者,草
3805-18ed9ae4-fb5e-4a4b-868c-49cf662540d2,1502137276722,6,演说者, 明亮
3805-18ed9ae4-fb5e-4a4b-868c-49cf662540d2,1502137313458,7,演说者,亮
3805-18ed9ae4-fb5e-4a4b-868c-49cf662540d2,1502137325741,8,演说者,亮
