gameid,time,roundNum,condition,clickStatus,clickColH,clickColS,clickColL,clickLocS,clickLocL,alt1Status,alt1ColH,alt1ColS,alt1ColL,alt1LocS,alt1LocL,alt2Status,alt2ColH,alt2ColS,alt2ColL,alt2LocS,alt2LocL,targetD1Diff,targetD2Diff,D1D2Diff,outcome
7645-31884455-9ae0-4726-a830-00d8014ac468,1501009812974,1,further,distr1,33,4,50,2,2,distr2,279,46,50,3,3,target,21,33,50,1,1,17,39,33,false
7645-31884455-9ae0-4726-a830-00d8014ac468,1501009840364,2,equal,target,243,92,50,1,1,distr2,143,92,50,3,3,distr1,12,88,50,2,2,54,78,79,true
7645-31884455-9ae0-4726-a830-00d8014ac468,1501009856123,3,further,distr2,63,94,50,3,1,distr1,320,45,50,1,2,target,292,37,50,2,3,8,84,82,false
7645-31884455-9ae0-4726-a830-00d8014ac468,1501009874228,4,equal,target,59,19,50,3,2,distr1,329,27,50,2,3,distr2,29,60,50,1,1,42,23,37,true
7645-31884455-9ae0-4726-a830-00d8014ac468,1501009896667,5,closer,distr2,219,13,50,2,2,distr1,219,40,50,1,3,target,268,10,50,3,1,19,11,11,false
7645-31884455-9ae0-4726-a830-00d8014ac468,1501009922685,6,further,distr1,106,17,50,3,3,distr2,283,30,50,2,1,target,153,58,50,1,2,18,52,55,false
7645-31884455-9ae0-4726-a830-00d8014ac468,1501009937181,7,equal,target,340,13,50,2,2,distr2,44,82,50,3,3,distr1,294,65,50,1,1,25,43,72,true
7645-31884455-9ae0-4726-a830-00d8014ac468,1501009963176,8,equal,target,175,11,50,1,2,distr2,341,33,50,3,1,distr1,226,38,50,2,3,27,30,29,true
7645-31884455-9ae0-4726-a830-00d8014ac468,1501009979871,9,equal,target,310,0,50,3,2,distr2,269,82,50,1,1,distr1,24,89,50,2,3,30,35,57,true
7645-31884455-9ae0-4726-a830-00d8014ac468,1501010000418,10,closer,distr1,34,42,50,3,1,distr2,26,38,50,2,3,target,29,79,50,1,2,12,12,7,false
7645-31884455-9ae0-4726-a830-00d8014ac468,1501010020871,11,closer,distr1,126,57,50,1,3,distr2,145,74,50,3,1,target,158,66,50,2,2,12,8,7,false
3072-43fc98e0-fd3d-477a-81e2-7cb16e7bbb0f,1501096132267,1,further,distr2,2,99,50,2,2,distr1,295,40,50,1,1,target,340,32,50,3,3,16,27,39,false
3072-43fc98e0-fd3d-477a-81e2-7cb16e7bbb0f,1501096157783,2,closer,target,219,81,50,3,1,distr2,216,53,50,1,2,distr1,213,93,50,2,3,7,7,5,true
3072-43fc98e0-fd3d-477a-81e2-7cb16e7bbb0f,1501096185770,3,further,distr1,306,46,50,3,3,distr2,140,13,50,2,1,target,279,94,50,1,2,14,43,37,false
3072-43fc98e0-fd3d-477a-81e2-7cb16e7bbb0f,1501096202365,4,equal,target,59,99,50,3,2,distr1,31,51,50,1,3,distr2,226,27,50,2,1,37,67,43,true
3072-43fc98e0-fd3d-477a-81e2-7cb16e7bbb0f,1501096219071,5,further,distr1,39,40,50,1,3,distr2,1,27,50,3,2,target,46,83,50,2,1,16,43,28,false
3072-43fc98e0-fd3d-477a-81e2-7cb16e7bbb0f,1501096242707,6,closer,target,138,5,50,3,3,distr1,147,19,50,1,1,distr2,188,35,50,2,2,13,17,17,true
3072-43fc98e0-fd3d-477a-81e2-7cb16e7bbb0f,1501096260539,7,further,distr1,290,72,50,3,1,target,323,53,50,2,3,distr2,109,42,50,1,2,14,80,91,false
3072-43fc98e0-fd3d-477a-81e2-7cb16e7bbb0f,1501096295733,8,further,distr1,182,34,50,2,3,distr2,292,79,50,3,1,target,165,36,50,1,2,9,45,38,false
3072-43fc98e0-fd3d-477a-81e2-7cb16e7bbb0f,1501096315552,9,further,target,330,39,50,1,3,distr2,172,63,50,2,1,distr1,315,96,50,3,2,15,62,57,true
3072-43fc98e0-fd3d-477a-81e2-7cb16e7bbb0f,1501096324084,10,equal,target,58,56,50,3,3,distr1,130,75,50,1,2,distr2,0,74,50,2,1,23,55,82,true
3072-43fc98e0-fd3d-477a-81e2-7cb16e7bbb0f,1501096339140,11,closer,target,192,13,50,3,1,distr1,352,3,50,1,2,distr2,158,1,50,2,3,16,9,6,true
3072-43fc98e0-fd3d-477a-81e2-7cb16e7bbb0f,1501096348196,12,closer,target,100,79,50,1,3,distr1,77,56,50,3,1,distr2,100,47,50,2,2,11,11,9,true
3072-43fc98e0-fd3d-477a-81e2-7cb16e7bbb0f,1501096359078,13,equal,target,300,6,50,3,3,distr2,103,66,50,2,2,distr1,192,34,50,1,1,33,52,42,true
3072-43fc98e0-fd3d-477a-81e2-7cb16e7bbb0f,1501096389933,14,closer,target,49,10,50,1,2,distr1,199,0,50,2,3,distr2,71,13,50,3,1,10,7,15,true
3072-43fc98e0-fd3d-477a-81e2-7cb16e7bbb0f,1501096405707,15,closer,distr1,331,2,50,3,1,distr2,52,5,50,2,2,target,48,17,50,1,3,17,9,8,false
3072-43fc98e0-fd3d-477a-81e2-7cb16e7bbb0f,1501096418837,16,equal,target,104,17,50,1,3,distr1,61,67,50,2,1,distr2,255,67,50,3,2,28,52,91,true
3072-43fc98e0-fd3d-477a-81e2-7cb16e7bbb0f,1501096429433,17,equal,target,229,80,50,2,2,distr1,311,97,50,3,1,distr2,64,53,50,1,3,32,85,81,true
3072-43fc98e0-fd3d-477a-81e2-7cb16e7bbb0f,1501096447135,18,further,distr1,313,67,50,1,3,distr2,177,22,50,2,1,target,324,16,50,3,2,18,39,34,false
3072-43fc98e0-fd3d-477a-81e2-7cb16e7bbb0f,1501096455436,19,further,target,38,24,50,2,2,distr2,119,75,50,1,3,distr1,128,8,50,3,1,19,36,31,true
3072-43fc98e0-fd3d-477a-81e2-7cb16e7bbb0f,1501096472834,20,further,distr1,165,60,50,1,2,distr2,65,8,50,2,3,target,172,49,50,3,1,7,24,26,false
3072-43fc98e0-fd3d-477a-81e2-7cb16e7bbb0f,1501096482400,21,closer,target,100,32,50,1,2,distr2,95,76,50,2,3,distr1,138,81,50,3,1,17,16,8,true
3072-43fc98e0-fd3d-477a-81e2-7cb16e7bbb0f,1501096491798,22,equal,target,277,85,50,2,3,distr1,357,47,50,3,2,distr2,145,34,50,1,1,34,53,62,true
3072-43fc98e0-fd3d-477a-81e2-7cb16e7bbb0f,1501096504066,23,further,distr2,107,7,50,2,2,distr1,357,40,50,3,3,target,339,14,50,1,1,15,32,38,false
3072-43fc98e0-fd3d-477a-81e2-7cb16e7bbb0f,1501096516540,24,closer,target,90,23,50,1,2,distr1,104,39,50,3,3,distr2,93,62,50,2,1,9,17,9,true
3072-43fc98e0-fd3d-477a-81e2-7cb16e7bbb0f,1501096524705,25,equal,target,337,61,50,3,3,distr2,27,12,50,1,2,distr1,246,60,50,2,1,32,29,42,true
3072-43fc98e0-fd3d-477a-81e2-7cb16e7bbb0f,1501096540664,26,further,target,39,64,50,1,2,distr2,131,13,50,2,3,distr1,37,38,50,3,1,9,30,24,true
3072-43fc98e0-fd3d-477a-81e2-7cb16e7bbb0f,1501096548199,27,equal,target,209,68,50,2,1,distr1,259,19,50,1,3,distr2,60,82,50,3,2,23,73,67,true
3072-43fc98e0-fd3d-477a-81e2-7cb16e7bbb0f,1501096556515,28,equal,target,297,98,50,2,1,distr2,127,17,50,3,2,distr1,3,3,50,1,3,32,71,26,true
3072-43fc98e0-fd3d-477a-81e2-7cb16e7bbb0f,1501096565652,29,equal,target,100,77,50,2,3,distr1,286,77,50,3,1,distr2,133,16,50,1,2,104,27,45,true
3072-43fc98e0-fd3d-477a-81e2-7cb16e7bbb0f,1501096577521,30,closer,distr2,22,14,50,2,3,distr1,45,34,50,1,1,target,36,44,50,3,2,8,17,19,false
3072-43fc98e0-fd3d-477a-81e2-7cb16e7bbb0f,1501096598323,31,further,target,95,4,50,3,1,distr2,217,46,50,1,3,distr1,164,1,50,2,2,6,30,23,true
3072-43fc98e0-fd3d-477a-81e2-7cb16e7bbb0f,1501096612707,32,closer,target,333,29,50,1,2,distr1,306,73,50,3,3,distr2,271,41,50,2,1,18,19,17,true
3072-43fc98e0-fd3d-477a-81e2-7cb16e7bbb0f,1501096623696,33,equal,target,342,35,50,2,2,distr1,92,6,50,1,1,distr2,263,40,50,3,3,36,24,37,true
3072-43fc98e0-fd3d-477a-81e2-7cb16e7bbb0f,1501096637873,34,further,target,124,34,50,2,1,distr1,146,59,50,3,2,distr2,272,55,50,1,3,10,57,61,true
3072-43fc98e0-fd3d-477a-81e2-7cb16e7bbb0f,1501096649526,35,further,distr1,141,82,50,1,1,distr2,351,21,50,2,2,target,104,30,50,3,3,18,48,65,false
3072-43fc98e0-fd3d-477a-81e2-7cb16e7bbb0f,1501096664715,36,closer,target,149,73,50,3,3,distr1,85,62,50,1,2,distr2,156,96,50,2,1,15,6,18,true
3072-43fc98e0-fd3d-477a-81e2-7cb16e7bbb0f,1501096675800,37,closer,distr1,83,69,50,2,1,target,66,73,50,3,3,distr2,127,76,50,1,2,9,19,10,false
3072-43fc98e0-fd3d-477a-81e2-7cb16e7bbb0f,1501096691133,38,closer,target,299,58,50,1,1,distr2,277,58,50,2,3,distr1,266,72,50,3,2,17,11,7,true
3072-43fc98e0-fd3d-477a-81e2-7cb16e7bbb0f,1501096704386,39,further,target,103,41,50,2,3,distr1,123,23,50,1,1,distr2,41,21,50,3,2,10,25,21,true
3072-43fc98e0-fd3d-477a-81e2-7cb16e7bbb0f,1501096713385,40,equal,target,213,81,50,3,1,distr2,327,46,50,1,3,distr1,22,69,50,2,2,50,35,37,true
3072-43fc98e0-fd3d-477a-81e2-7cb16e7bbb0f,1501096723379,41,equal,target,347,84,50,1,3,distr1,15,3,50,3,2,distr2,57,89,50,2,1,28,66,41,true
3072-43fc98e0-fd3d-477a-81e2-7cb16e7bbb0f,1501096730761,42,closer,target,220,82,50,2,3,distr2,246,45,50,3,1,distr1,231,15,50,1,2,18,11,18,true
3072-43fc98e0-fd3d-477a-81e2-7cb16e7bbb0f,1501096742396,43,equal,target,162,26,50,1,3,distr1,104,82,50,2,1,distr2,261,90,50,3,2,29,49,77,true
3072-43fc98e0-fd3d-477a-81e2-7cb16e7bbb0f,1501096752172,44,closer,target,75,73,50,1,3,distr2,102,47,50,3,1,distr1,143,74,50,2,2,17,14,10,true
3072-43fc98e0-fd3d-477a-81e2-7cb16e7bbb0f,1501096762478,45,equal,target,11,61,50,1,3,distr2,212,29,50,2,2,distr1,84,84,50,3,1,68,41,59,true
3072-43fc98e0-fd3d-477a-81e2-7cb16e7bbb0f,1501096775627,46,closer,distr1,211,1,50,1,1,target,214,6,50,3,3,distr2,52,7,50,2,2,5,14,9,false
3072-43fc98e0-fd3d-477a-81e2-7cb16e7bbb0f,1501096796582,47,equal,target,259,64,50,2,3,distr2,149,50,50,3,1,distr1,215,35,50,1,2,23,61,43,true
3072-43fc98e0-fd3d-477a-81e2-7cb16e7bbb0f,1501096814866,48,equal,target,171,25,50,1,3,distr2,286,10,50,3,1,distr1,46,23,50,2,2,24,35,33,true
3072-43fc98e0-fd3d-477a-81e2-7cb16e7bbb0f,1501096828110,49,further,target,233,78,50,2,1,distr1,283,48,50,3,2,distr2,134,86,50,1,3,18,77,65,true
3072-43fc98e0-fd3d-477a-81e2-7cb16e7bbb0f,1501096840123,50,closer,distr2,297,19,50,1,3,target,332,59,50,3,2,distr1,321,55,50,2,1,6,16,13,false
1749-16e02541-2385-4752-9fd3-caa3a825b469,1501120652236,1,equal,distr2,162,46,50,2,1,target,323,89,50,1,3,distr1,265,85,50,3,2,28,79,56,false
1749-16e02541-2385-4752-9fd3-caa3a825b469,1501120731058,2,equal,distr1,91,46,50,2,3,distr2,305,91,50,3,2,target,238,85,50,1,1,73,31,89,false
1749-16e02541-2385-4752-9fd3-caa3a825b469,1501120835114,3,closer,distr1,147,12,50,1,2,distr2,107,7,50,3,1,target,82,14,50,2,3,9,6,5,false
1749-16e02541-2385-4752-9fd3-caa3a825b469,1501120851647,4,equal,target,327,37,50,2,3,distr2,136,95,50,1,1,distr1,33,35,50,3,2,38,87,44,true
1749-16e02541-2385-4752-9fd3-caa3a825b469,1501120863863,5,further,target,147,19,50,3,2,distr1,123,5,50,2,3,distr2,324,19,50,1,1,12,46,34,true
1749-16e02541-2385-4752-9fd3-caa3a825b469,1501120873068,6,equal,target,39,74,50,3,1,distr2,187,93,50,1,2,distr1,358,79,50,2,3,37,48,80,true
1749-16e02541-2385-4752-9fd3-caa3a825b469,1501120906627,7,closer,target,129,65,50,2,3,distr2,107,35,50,1,2,distr1,66,55,50,3,1,18,11,17,true
1749-16e02541-2385-4752-9fd3-caa3a825b469,1501120921958,8,further,target,96,74,50,2,1,distr1,94,52,50,3,2,distr2,180,46,50,1,3,8,34,31,true
1749-16e02541-2385-4752-9fd3-caa3a825b469,1501120936123,9,equal,target,285,63,50,1,2,distr1,111,25,50,3,3,distr2,212,35,50,2,1,77,29,42,true
1749-16e02541-2385-4752-9fd3-caa3a825b469,1501121000695,10,further,target,351,26,50,2,2,distr1,336,27,50,3,3,distr2,192,82,50,1,1,6,57,58,true
1749-16e02541-2385-4752-9fd3-caa3a825b469,1501121041162,11,closer,target,57,59,50,2,3,distr1,82,95,50,1,2,distr2,66,52,50,3,1,18,5,15,true
1749-16e02541-2385-4752-9fd3-caa3a825b469,1501121063600,12,closer,distr1,154,36,50,2,2,distr2,129,61,50,1,3,target,90,40,50,3,1,16,11,16,false
1749-16e02541-2385-4752-9fd3-caa3a825b469,1501121074735,13,equal,target,187,24,50,1,1,distr2,46,77,50,3,3,distr1,99,62,50,2,2,36,40,29,true
1749-16e02541-2385-4752-9fd3-caa3a825b469,1501121086959,14,further,target,22,99,50,3,3,distr1,1,84,50,1,1,distr2,202,41,50,2,2,14,50,52,true
1749-16e02541-2385-4752-9fd3-caa3a825b469,1501121126353,15,further,target,297,7,50,2,3,distr2,272,84,50,3,1,distr1,43,5,50,1,2,16,29,41,true
1749-16e02541-2385-4752-9fd3-caa3a825b469,1501121178197,16,closer,target,311,69,50,2,2,distr2,336,31,50,1,1,distr1,296,43,50,3,3,7,16,16,true
1749-16e02541-2385-4752-9fd3-caa3a825b469,1501121186664,17,equal,target,103,0,50,3,2,distr1,142,58,50,1,3,distr2,237,52,50,2,1,32,32,64,true
1749-16e02541-2385-4752-9fd3-caa3a825b469,1501121288788,18,further,distr1,121,39,50,2,3,target,86,16,50,3,2,distr2,19,82,50,1,1,15,41,61,false
1749-16e02541-2385-4752-9fd3-caa3a825b469,1501121307269,19,equal,target,259,97,50,3,3,distr2,184,85,50,2,1,distr1,131,8,50,1,2,44,56,29,true
1749-16e02541-2385-4752-9fd3-caa3a825b469,1501121320711,20,further,distr1,58,53,50,2,2,target,64,20,50,1,1,distr2,239,1,50,3,3,16,21,33,false
1749-16e02541-2385-4752-9fd3-caa3a825b469,1501121332076,21,further,target,335,30,50,2,3,distr2,286,81,50,3,2,distr1,339,55,50,1,1,9,22,23,true
1749-16e02541-2385-4752-9fd3-caa3a825b469,1501121375721,22,closer,target,144,94,50,2,1,distr2,108,87,50,3,3,distr1,79,67,50,1,2,15,7,11,true
1749-16e02541-2385-4752-9fd3-caa3a825b469,1501121390246,23,further,target,114,16,50,1,1,distr1,104,55,50,3,2,distr2,28,77,50,2,3,19,39,51,true
1749-16e02541-2385-4752-9fd3-caa3a825b469,1501121472406,24,further,target,43,60,50,1,2,distr1,37,80,50,2,1,distr2,8,99,50,3,3,9,37,29,true
1749-16e02541-2385-4752-9fd3-caa3a825b469,1501121480124,25,equal,target,57,0,50,3,1,distr1,299,69,50,2,3,distr2,238,66,50,1,2,30,36,25,true
1749-16e02541-2385-4752-9fd3-caa3a825b469,1501121504133,26,closer,target,219,18,50,2,2,distr1,240,16,50,1,3,distr2,238,38,50,3,1,8,14,13,true
1749-16e02541-2385-4752-9fd3-caa3a825b469,1501121526188,27,equal,target,158,20,50,3,2,distr2,314,76,50,1,1,distr1,66,88,50,2,3,37,38,89,true
1749-16e02541-2385-4752-9fd3-caa3a825b469,1501121582762,28,closer,target,263,19,50,3,3,distr1,309,28,50,1,1,distr2,330,11,50,2,2,11,13,14,true
1749-16e02541-2385-4752-9fd3-caa3a825b469,1501121607846,29,closer,distr2,272,64,50,3,1,target,286,18,50,1,3,distr1,289,52,50,2,2,14,19,9,false
1749-16e02541-2385-4752-9fd3-caa3a825b469,1501121619484,30,further,target,343,80,50,3,2,distr2,256,95,50,2,3,distr1,359,46,50,1,1,9,39,40,true
1749-16e02541-2385-4752-9fd3-caa3a825b469,1501121627401,31,further,target,243,8,50,3,2,distr2,37,30,50,1,3,distr1,198,25,50,2,1,19,29,32,true
1749-16e02541-2385-4752-9fd3-caa3a825b469,1501121644773,32,equal,target,89,6,50,2,2,distr2,8,69,50,1,3,distr1,247,71,50,3,1,45,36,48,true
1749-16e02541-2385-4752-9fd3-caa3a825b469,1501121660217,33,further,target,176,9,50,1,1,distr1,80,4,50,3,3,distr2,276,60,50,2,2,9,29,42,true
1749-16e02541-2385-4752-9fd3-caa3a825b469,1501121668235,34,equal,target,257,7,50,1,2,distr2,356,30,50,3,3,distr1,165,54,50,2,1,36,21,60,true
1749-16e02541-2385-4752-9fd3-caa3a825b469,1501121680131,35,closer,target,320,18,50,1,3,distr1,23,7,50,2,2,distr2,325,4,50,3,1,19,14,7,true
1749-16e02541-2385-4752-9fd3-caa3a825b469,1501121697922,36,equal,target,75,56,50,3,2,distr1,32,75,50,2,3,distr2,183,46,50,1,1,36,35,45,true
1749-16e02541-2385-4752-9fd3-caa3a825b469,1501121817902,37,closer,target,181,32,50,2,1,distr2,185,91,50,1,2,distr1,166,44,50,3,3,11,16,19,true
1749-16e02541-2385-4752-9fd3-caa3a825b469,1501121829033,38,further,target,282,61,50,3,1,distr1,245,88,50,2,2,distr2,345,95,50,1,3,16,35,45,true
1749-16e02541-2385-4752-9fd3-caa3a825b469,1501121838847,39,closer,target,256,48,50,2,3,distr2,309,29,50,1,2,distr1,252,17,50,3,1,17,19,14,true
1749-16e02541-2385-4752-9fd3-caa3a825b469,1501121846348,40,equal,target,42,91,50,1,3,distr1,141,19,50,3,2,distr2,179,97,50,2,1,37,48,29,true
1749-16e02541-2385-4752-9fd3-caa3a825b469,1501121854616,41,equal,target,150,96,50,2,1,distr1,199,21,50,1,3,distr2,250,49,50,3,2,44,70,22,true
1749-16e02541-2385-4752-9fd3-caa3a825b469,1501121881416,42,closer,target,67,15,50,3,2,distr1,69,39,50,1,1,distr2,40,42,50,2,3,14,14,17,true
1749-16e02541-2385-4752-9fd3-caa3a825b469,1501121890220,43,further,target,265,77,50,1,1,distr1,303,57,50,2,2,distr2,119,42,50,3,3,19,65,88,true
1749-16e02541-2385-4752-9fd3-caa3a825b469,1501121898066,44,equal,target,328,48,50,2,2,distr2,66,33,50,1,1,distr1,224,98,50,3,3,30,61,75,true
1749-16e02541-2385-4752-9fd3-caa3a825b469,1501121908360,45,equal,target,348,47,50,3,3,distr1,77,38,50,1,2,distr2,287,55,50,2,1,59,25,77,true
1749-16e02541-2385-4752-9fd3-caa3a825b469,1501121917129,46,further,target,343,82,50,3,2,distr1,16,49,50,1,1,distr2,103,47,50,2,3,19,78,55,true
1749-16e02541-2385-4752-9fd3-caa3a825b469,1501121927304,47,closer,target,71,38,50,1,3,distr1,85,12,50,3,1,distr2,134,20,50,2,2,16,18,10,true
1749-16e02541-2385-4752-9fd3-caa3a825b469,1501121944177,48,closer,distr1,116,59,50,3,3,distr2,161,42,50,1,2,target,161,72,50,2,1,15,11,19,false
1749-16e02541-2385-4752-9fd3-caa3a825b469,1501121955146,49,further,target,231,58,50,3,2,distr2,341,5,50,2,1,distr1,271,95,50,1,3,14,31,33,true
1749-16e02541-2385-4752-9fd3-caa3a825b469,1501121968338,50,closer,target,324,58,50,2,1,distr2,330,42,50,3,2,distr1,348,55,50,1,3,14,5,12,true
7991-2be4a4f0-a5f7-40e2-9854-4765af54e7c7,1501186245469,1,closer,target,237,33,50,1,3,distr1,260,18,50,2,1,distr2,231,24,50,3,2,12,7,8,true
7991-2be4a4f0-a5f7-40e2-9854-4765af54e7c7,1501186290037,2,further,target,284,95,50,1,1,distr1,241,58,50,3,2,distr2,54,4,50,2,3,19,41,42,true
7991-2be4a4f0-a5f7-40e2-9854-4765af54e7c7,1501186331769,3,further,target,171,22,50,2,1,distr1,187,10,50,1,2,distr2,100,74,50,3,3,11,31,37,true
7991-2be4a4f0-a5f7-40e2-9854-4765af54e7c7,1501186360984,4,equal,target,236,8,50,1,3,distr2,154,25,50,2,2,distr1,38,42,50,3,1,33,29,29,true
7991-2be4a4f0-a5f7-40e2-9854-4765af54e7c7,1501186384686,5,equal,target,115,25,50,3,3,distr1,327,66,50,2,1,distr2,15,94,50,1,2,71,58,34,true
7991-2be4a4f0-a5f7-40e2-9854-4765af54e7c7,1501186449678,6,closer,target,40,5,50,1,3,distr2,110,2,50,3,1,distr1,168,19,50,2,2,18,5,14,true
7991-2be4a4f0-a5f7-40e2-9854-4765af54e7c7,1501186469072,7,equal,target,275,99,50,1,3,distr2,172,32,50,3,2,distr1,125,92,50,2,1,73,44,32,true
7991-2be4a4f0-a5f7-40e2-9854-4765af54e7c7,1501186578448,8,closer,distr2,302,62,50,2,1,target,314,42,50,3,2,distr1,313,93,50,1,3,11,8,7,false
7991-2be4a4f0-a5f7-40e2-9854-4765af54e7c7,1501186725716,9,closer,target,349,68,50,2,2,distr2,358,49,50,1,1,distr1,334,87,50,3,3,11,5,14,true
7991-2be4a4f0-a5f7-40e2-9854-4765af54e7c7,1501186770210,10,further,target,47,49,50,1,3,distr2,284,92,50,3,1,distr1,68,46,50,2,2,12,71,84,true
7991-2be4a4f0-a5f7-40e2-9854-4765af54e7c7,1501186894981,11,closer,target,355,25,50,3,1,distr1,255,6,50,2,3,distr2,278,11,50,1,2,19,17,7,true
7991-2be4a4f0-a5f7-40e2-9854-4765af54e7c7,1501186924195,12,further,target,62,74,50,2,1,distr2,198,27,50,3,2,distr1,47,76,50,1,3,14,49,46,true
7991-2be4a4f0-a5f7-40e2-9854-4765af54e7c7,1501186944182,13,further,target,296,9,50,2,1,distr1,225,22,50,1,2,distr2,73,30,50,3,3,15,42,46,true
7991-2be4a4f0-a5f7-40e2-9854-4765af54e7c7,1501186960537,14,equal,target,149,77,50,1,1,distr2,38,95,50,2,2,distr1,297,43,50,3,3,60,48,61,true
7991-2be4a4f0-a5f7-40e2-9854-4765af54e7c7,1501186980652,15,equal,target,204,70,50,1,2,distr2,11,23,50,3,3,distr1,165,48,50,2,1,34,37,46,true
7991-2be4a4f0-a5f7-40e2-9854-4765af54e7c7,1501187080512,16,further,target,154,62,50,2,3,distr1,124,40,50,3,2,distr2,0,3,50,1,1,11,36,33,true
7991-2be4a4f0-a5f7-40e2-9854-4765af54e7c7,1501187133912,17,further,target,249,24,50,2,3,distr1,282,25,50,3,1,distr2,45,62,50,1,2,9,57,58,true
7991-2be4a4f0-a5f7-40e2-9854-4765af54e7c7,1501187150065,18,closer,target,101,28,50,1,1,distr2,124,8,50,3,2,distr1,45,30,50,2,3,18,15,18,true
7991-2be4a4f0-a5f7-40e2-9854-4765af54e7c7,1501187165740,19,equal,target,151,99,50,3,2,distr2,189,88,50,2,3,distr1,292,56,50,1,1,65,40,53,true
7991-2be4a4f0-a5f7-40e2-9854-4765af54e7c7,1501187212352,20,closer,target,70,13,50,1,2,distr2,109,34,50,2,3,distr1,112,10,50,3,1,7,16,16,true
7991-2be4a4f0-a5f7-40e2-9854-4765af54e7c7,1501187226009,21,equal,target,262,35,50,2,2,distr1,188,69,50,1,1,distr2,74,56,50,3,3,44,77,42,true
7991-2be4a4f0-a5f7-40e2-9854-4765af54e7c7,1501187243659,22,further,target,214,0,50,2,3,distr1,332,10,50,3,2,distr2,81,31,50,1,1,13,25,40,true
7991-2be4a4f0-a5f7-40e2-9854-4765af54e7c7,1501187257744,23,equal,target,64,2,50,3,2,distr2,115,92,50,2,3,distr1,352,27,50,1,1,25,39,72,true
7991-2be4a4f0-a5f7-40e2-9854-4765af54e7c7,1501187348823,24,further,target,23,25,50,1,3,distr1,25,10,50,2,1,distr2,97,89,50,3,2,9,48,42,true
7991-2be4a4f0-a5f7-40e2-9854-4765af54e7c7,1501187379767,25,closer,target,131,67,50,2,2,distr2,80,43,50,3,1,distr1,82,27,50,1,3,18,14,8,true
7991-2be4a4f0-a5f7-40e2-9854-4765af54e7c7,1501187402515,26,further,target,3,41,50,2,1,distr2,216,30,50,1,3,distr1,328,31,50,3,2,18,36,29,true
7991-2be4a4f0-a5f7-40e2-9854-4765af54e7c7,1501187438484,27,equal,target,269,59,50,1,3,distr2,341,29,50,3,2,distr1,157,12,50,2,1,39,25,42,true
7991-2be4a4f0-a5f7-40e2-9854-4765af54e7c7,1501187456567,28,equal,target,76,36,50,3,2,distr2,27,14,50,1,1,distr1,57,88,50,2,3,21,26,38,true
7991-2be4a4f0-a5f7-40e2-9854-4765af54e7c7,1501187501367,29,equal,target,18,37,50,3,3,distr2,298,36,50,2,1,distr1,156,46,50,1,2,48,34,50,true
7991-2be4a4f0-a5f7-40e2-9854-4765af54e7c7,1501187518008,30,further,target,95,18,50,3,1,distr2,217,56,50,2,2,distr1,34,9,50,1,3,18,46,33,true
7991-2be4a4f0-a5f7-40e2-9854-4765af54e7c7,1501187545566,31,further,target,230,50,50,3,1,distr1,251,33,50,1,3,distr2,342,23,50,2,2,8,28,23,true
7991-2be4a4f0-a5f7-40e2-9854-4765af54e7c7,1501187561547,32,further,target,273,14,50,3,2,distr2,146,49,50,2,3,distr1,193,0,50,1,1,18,43,29,true
7991-2be4a4f0-a5f7-40e2-9854-4765af54e7c7,1501187652193,33,further,target,9,47,50,3,1,distr2,114,63,50,2,3,distr1,351,55,50,1,2,10,67,80,true
7991-2be4a4f0-a5f7-40e2-9854-4765af54e7c7,1501187670524,34,further,target,257,16,50,2,2,distr2,133,69,50,3,3,distr1,252,3,50,1,1,14,51,39,true
7991-2be4a4f0-a5f7-40e2-9854-4765af54e7c7,1501187696499,35,closer,target,330,88,50,3,3,distr1,295,32,50,1,1,distr2,334,51,50,2,2,18,8,14,true
7991-2be4a4f0-a5f7-40e2-9854-4765af54e7c7,1501187768779,36,closer,target,159,89,50,2,3,distr1,120,71,50,1,2,distr2,92,84,50,3,1,15,17,7,true
7991-2be4a4f0-a5f7-40e2-9854-4765af54e7c7,1501187795544,37,equal,target,103,74,50,3,2,distr2,184,20,50,2,1,distr1,28,28,50,1,3,42,37,30,true
7991-2be4a4f0-a5f7-40e2-9854-4765af54e7c7,1501187858764,38,closer,target,272,20,50,1,1,distr1,248,17,50,3,2,distr2,241,3,50,2,3,6,17,14,true
7991-2be4a4f0-a5f7-40e2-9854-4765af54e7c7,1501187912044,39,closer,target,233,41,50,2,2,distr2,258,91,50,3,1,distr1,277,35,50,1,3,14,16,17,true
7991-2be4a4f0-a5f7-40e2-9854-4765af54e7c7,1501187952036,40,closer,target,88,32,50,3,3,distr2,150,47,50,2,1,distr1,114,14,50,1,2,12,13,15,true
7991-2be4a4f0-a5f7-40e2-9854-4765af54e7c7,1501187970547,41,equal,target,122,11,50,1,1,distr1,292,4,50,2,2,distr2,160,81,50,3,3,24,26,42,true
7991-2be4a4f0-a5f7-40e2-9854-4765af54e7c7,1501187987207,42,equal,target,55,95,50,2,2,distr2,94,19,50,3,3,distr1,236,63,50,1,1,90,32,55,true
7991-2be4a4f0-a5f7-40e2-9854-4765af54e7c7,1501188047022,43,closer,target,81,13,50,1,3,distr1,132,8,50,2,2,distr2,13,2,50,3,1,7,16,14,true
7991-2be4a4f0-a5f7-40e2-9854-4765af54e7c7,1501188097850,44,closer,target,101,72,50,1,2,distr1,143,69,50,2,1,distr2,102,54,50,3,3,9,6,9,true
7991-2be4a4f0-a5f7-40e2-9854-4765af54e7c7,1501188113399,45,further,target,67,62,50,3,2,distr2,14,51,50,1,3,distr1,124,65,50,2,1,18,50,65,true
7991-2be4a4f0-a5f7-40e2-9854-4765af54e7c7,1501188130370,46,further,target,114,8,50,3,3,distr1,156,34,50,1,1,distr2,313,88,50,2,2,15,53,47,true
7991-2be4a4f0-a5f7-40e2-9854-4765af54e7c7,1501188154247,47,closer,target,239,59,50,1,1,distr1,271,96,50,3,3,distr2,220,88,50,2,2,12,12,17,true
7991-2be4a4f0-a5f7-40e2-9854-4765af54e7c7,1501188171458,48,closer,target,76,96,50,3,1,distr1,134,73,50,1,2,distr2,78,69,50,2,3,16,8,13,true
7991-2be4a4f0-a5f7-40e2-9854-4765af54e7c7,1501188185350,49,equal,target,135,2,50,3,1,distr1,250,19,50,1,3,distr2,170,62,50,2,2,23,28,44,true
7991-2be4a4f0-a5f7-40e2-9854-4765af54e7c7,1501188199835,50,equal,target,204,4,50,3,3,distr1,293,78,50,1,1,distr2,62,91,50,2,2,21,45,93,true
7266-a19a5680-212b-4740-b7c3-897388466b48,1501264605472,1,further,target,302,78,50,3,2,distr2,139,88,50,2,3,distr1,316,71,50,1,1,7,104,100,true
7266-a19a5680-212b-4740-b7c3-897388466b48,1501264620272,2,further,target,25,46,50,3,2,distr1,23,77,50,2,1,distr2,225,77,50,1,3,9,51,55,true
7266-a19a5680-212b-4740-b7c3-897388466b48,1501264632670,3,equal,target,126,72,50,3,1,distr2,53,13,50,2,3,distr1,219,27,50,1,2,55,30,34,true
7266-a19a5680-212b-4740-b7c3-897388466b48,1501264643556,4,further,target,81,9,50,3,1,distr2,311,80,50,1,2,distr1,51,30,50,2,3,14,50,61,true
7266-a19a5680-212b-4740-b7c3-897388466b48,1501264667193,5,closer,target,152,61,50,2,2,distr2,98,46,50,1,3,distr1,109,68,50,3,1,13,13,8,true
7266-a19a5680-212b-4740-b7c3-897388466b48,1501264679232,6,closer,target,262,18,50,1,2,distr2,13,6,50,2,3,distr1,219,18,50,3,1,12,19,17,true
7266-a19a5680-212b-4740-b7c3-897388466b48,1501264707203,7,equal,target,173,41,50,2,1,distr1,357,53,50,1,2,distr2,291,34,50,3,3,60,44,28,true
7266-a19a5680-212b-4740-b7c3-897388466b48,1501264770837,8,closer,target,282,20,50,1,3,distr2,265,16,50,2,1,distr1,324,34,50,3,2,10,5,15,true
7266-a19a5680-212b-4740-b7c3-897388466b48,1501264781999,9,equal,target,62,75,50,2,1,distr2,346,79,50,3,2,distr1,237,61,50,1,3,91,69,40,true
7266-a19a5680-212b-4740-b7c3-897388466b48,1501264795141,10,equal,target,188,62,50,3,2,distr1,25,62,50,2,3,distr2,229,56,50,1,1,47,39,52,true
7266-a19a5680-212b-4740-b7c3-897388466b48,1501264810665,11,equal,target,309,89,50,1,3,distr1,199,17,50,3,1,distr2,264,68,50,2,2,28,25,22,true
7266-a19a5680-212b-4740-b7c3-897388466b48,1501264821045,12,further,target,206,18,50,3,3,distr2,358,97,50,1,1,distr1,329,0,50,2,2,11,43,31,true
7266-a19a5680-212b-4740-b7c3-897388466b48,1501264831550,13,further,distr2,125,22,50,2,3,distr1,206,15,50,3,2,target,197,50,50,1,1,13,33,28,false
7266-a19a5680-212b-4740-b7c3-897388466b48,1501264846105,14,closer,distr2,213,79,50,3,1,distr1,201,99,50,1,3,target,204,45,50,2,2,10,10,17,false
7266-a19a5680-212b-4740-b7c3-897388466b48,1501264863295,15,closer,target,109,21,50,3,1,distr1,105,4,50,1,2,distr2,179,13,50,2,3,16,18,10,true
7266-a19a5680-212b-4740-b7c3-897388466b48,1501264874892,16,equal,target,322,88,50,1,1,distr1,78,3,50,3,2,distr2,211,55,50,2,3,36,44,28,true
7266-a19a5680-212b-4740-b7c3-897388466b48,1501264914954,17,closer,target,73,53,50,2,3,distr1,58,42,50,3,1,distr2,114,22,50,1,2,8,19,19,true
7266-a19a5680-212b-4740-b7c3-897388466b48,1501264929730,18,further,target,327,38,50,2,2,distr1,344,17,50,3,3,distr2,105,5,50,1,1,12,38,30,true
7266-a19a5680-212b-4740-b7c3-897388466b48,1501264941173,19,equal,target,187,85,50,1,1,distr1,296,7,50,3,2,distr2,259,78,50,2,3,47,54,31,true
7266-a19a5680-212b-4740-b7c3-897388466b48,1501264960609,20,further,target,131,5,50,1,3,distr1,170,13,50,3,2,distr2,14,92,50,2,1,7,39,44,true
7266-a19a5680-212b-4740-b7c3-897388466b48,1501264976801,21,equal,target,316,10,50,1,2,distr2,7,57,50,3,3,distr1,277,90,50,2,1,28,25,40,true
7266-a19a5680-212b-4740-b7c3-897388466b48,1501265020368,22,closer,distr1,273,78,50,1,2,distr2,275,43,50,2,1,target,243,85,50,3,3,11,17,8,false
7266-a19a5680-212b-4740-b7c3-897388466b48,1501265054010,23,equal,target,69,30,50,1,2,distr1,2,41,50,2,3,distr2,48,91,50,3,1,46,21,49,true
7266-a19a5680-212b-4740-b7c3-897388466b48,1501265063887,24,closer,target,226,12,50,1,3,distr1,245,39,50,3,2,distr2,216,88,50,2,1,17,18,14,true
7266-a19a5680-212b-4740-b7c3-897388466b48,1501265072480,25,further,target,356,66,50,2,2,distr1,9,22,50,3,3,distr2,172,68,50,1,1,17,72,50,true
2807-253d3ab7-b1a1-4a7d-ae7d-7f56c9bf304c,1501271479963,1,equal,distr2,152,10,50,1,1,target,333,16,50,2,2,distr1,219,49,50,3,3,26,37,30,false
2807-253d3ab7-b1a1-4a7d-ae7d-7f56c9bf304c,1501271523552,2,further,target,115,18,50,3,2,distr1,116,4,50,1,3,distr2,6,33,50,2,1,15,44,32,true
2807-253d3ab7-b1a1-4a7d-ae7d-7f56c9bf304c,1501271611658,3,closer,target,269,41,50,2,3,distr2,230,75,50,3,2,distr1,220,40,50,1,1,18,13,15,true
2807-253d3ab7-b1a1-4a7d-ae7d-7f56c9bf304c,1501271681776,4,equal,distr1,42,82,50,1,2,target,76,54,50,3,1,distr2,227,62,50,2,3,25,72,69,false
2807-253d3ab7-b1a1-4a7d-ae7d-7f56c9bf304c,1501271711890,5,further,target,96,52,50,2,1,distr1,144,24,50,3,3,distr2,316,20,50,1,2,19,65,50,true
2807-253d3ab7-b1a1-4a7d-ae7d-7f56c9bf304c,1501271829517,6,further,distr1,78,4,50,3,2,distr2,50,56,50,2,3,target,188,7,50,1,1,8,33,27,false
2807-253d3ab7-b1a1-4a7d-ae7d-7f56c9bf304c,1501271862588,7,closer,target,274,95,50,2,2,distr1,236,32,50,3,3,distr2,239,66,50,1,1,19,13,14,true
2807-253d3ab7-b1a1-4a7d-ae7d-7f56c9bf304c,1501271951085,8,closer,target,144,35,50,1,3,distr2,161,83,50,2,1,distr1,141,86,50,3,2,19,16,11,true
2807-253d3ab7-b1a1-4a7d-ae7d-7f56c9bf304c,1501272030178,9,further,target,2,28,50,3,3,distr2,207,61,50,1,1,distr1,315,24,50,2,2,17,39,36,true
2807-253d3ab7-b1a1-4a7d-ae7d-7f56c9bf304c,1501272126240,10,closer,distr1,86,26,50,1,3,target,77,58,50,2,2,distr2,146,59,50,3,1,15,17,16,false
2807-253d3ab7-b1a1-4a7d-ae7d-7f56c9bf304c,1501272181675,11,equal,target,348,61,50,1,2,distr2,43,53,50,2,3,distr1,98,90,50,3,1,86,46,34,true
2807-253d3ab7-b1a1-4a7d-ae7d-7f56c9bf304c,1501272228319,12,further,target,174,10,50,3,2,distr1,178,50,50,1,1,distr2,38,82,50,2,3,19,36,44,true
2807-253d3ab7-b1a1-4a7d-ae7d-7f56c9bf304c,1501272262053,13,further,target,208,13,50,1,2,distr1,190,35,50,3,1,distr2,57,36,50,2,3,15,36,35,true
2807-253d3ab7-b1a1-4a7d-ae7d-7f56c9bf304c,1501272339507,14,equal,target,204,90,50,2,3,distr2,337,32,50,1,2,distr1,273,57,50,3,1,38,42,23,true
2807-253d3ab7-b1a1-4a7d-ae7d-7f56c9bf304c,1501272393958,15,further,distr1,299,52,50,3,2,distr2,18,37,50,2,1,target,303,97,50,1,3,10,40,37,false
2807-253d3ab7-b1a1-4a7d-ae7d-7f56c9bf304c,1501272445632,16,closer,distr2,223,22,50,3,1,target,286,25,50,2,3,distr1,259,26,50,1,2,7,17,11,false
2807-253d3ab7-b1a1-4a7d-ae7d-7f56c9bf304c,1501272470594,17,equal,target,85,89,50,2,2,distr1,333,67,50,1,3,distr2,217,11,50,3,1,89,51,32,true
2807-253d3ab7-b1a1-4a7d-ae7d-7f56c9bf304c,1501272524992,18,closer,target,83,57,50,2,3,distr2,130,58,50,3,2,distr1,87,41,50,1,1,7,11,10,true
2807-253d3ab7-b1a1-4a7d-ae7d-7f56c9bf304c,1501272555157,19,further,target,238,20,50,2,2,distr2,190,34,50,1,3,distr1,285,4,50,3,1,15,27,29,true
2807-253d3ab7-b1a1-4a7d-ae7d-7f56c9bf304c,1501272588438,20,further,target,147,88,50,3,2,distr2,231,26,50,2,3,distr1,158,76,50,1,1,8,57,50,true
2807-253d3ab7-b1a1-4a7d-ae7d-7f56c9bf304c,1501272615604,21,further,target,40,2,50,3,2,distr2,156,95,50,2,1,distr1,13,22,50,1,3,17,38,56,true
2807-253d3ab7-b1a1-4a7d-ae7d-7f56c9bf304c,1501272656322,22,equal,target,166,9,50,1,2,distr2,15,53,50,2,3,distr1,286,88,50,3,1,31,35,42,true
2807-253d3ab7-b1a1-4a7d-ae7d-7f56c9bf304c,1501272681714,23,further,target,98,97,50,2,3,distr2,237,45,50,3,2,distr1,140,92,50,1,1,7,75,70,true
2807-253d3ab7-b1a1-4a7d-ae7d-7f56c9bf304c,1501272726410,24,closer,target,347,24,50,3,3,distr1,244,11,50,2,2,distr2,278,25,50,1,1,19,17,12,true
2807-253d3ab7-b1a1-4a7d-ae7d-7f56c9bf304c,1501272765217,25,equal,target,71,20,50,2,2,distr1,152,72,50,1,3,distr2,291,84,50,3,1,24,66,60,true
2807-253d3ab7-b1a1-4a7d-ae7d-7f56c9bf304c,1501272839206,26,closer,distr2,114,52,50,1,2,distr1,166,75,50,2,1,target,144,47,50,3,3,13,9,19,false
2807-253d3ab7-b1a1-4a7d-ae7d-7f56c9bf304c,1501272860803,27,further,target,166,33,50,1,2,distr1,164,76,50,3,3,distr2,328,66,50,2,1,16,48,85,true
2807-253d3ab7-b1a1-4a7d-ae7d-7f56c9bf304c,1501272890566,28,closer,target,275,62,50,3,3,distr1,249,38,50,2,2,distr2,290,40,50,1,1,11,9,14,true
2807-253d3ab7-b1a1-4a7d-ae7d-7f56c9bf304c,1501272924116,29,closer,target,316,97,50,1,2,distr1,337,98,50,3,3,distr2,331,85,50,2,1,17,11,8,true
2807-253d3ab7-b1a1-4a7d-ae7d-7f56c9bf304c,1501272943726,30,equal,distr2,257,61,50,2,3,target,70,55,50,1,1,distr1,37,66,50,3,2,27,88,67,false
2807-253d3ab7-b1a1-4a7d-ae7d-7f56c9bf304c,1501272985067,31,equal,distr2,327,45,50,2,3,distr1,239,5,50,3,1,target,159,25,50,1,2,27,42,24,false
2807-253d3ab7-b1a1-4a7d-ae7d-7f56c9bf304c,1501273055153,32,equal,target,45,54,50,3,1,distr2,133,28,50,1,3,distr1,244,38,50,2,2,64,28,50,true
2807-253d3ab7-b1a1-4a7d-ae7d-7f56c9bf304c,1501273080104,33,equal,target,301,27,50,2,3,distr1,9,76,50,3,1,distr2,180,87,50,1,2,34,58,67,true
2807-253d3ab7-b1a1-4a7d-ae7d-7f56c9bf304c,1501273099528,34,equal,target,235,10,50,1,2,distr1,78,96,50,3,1,distr2,116,22,50,2,3,55,33,29,true
2807-253d3ab7-b1a1-4a7d-ae7d-7f56c9bf304c,1501273142208,35,further,distr1,149,75,50,3,1,target,156,47,50,2,3,distr2,352,25,50,1,2,11,56,66,false
2807-253d3ab7-b1a1-4a7d-ae7d-7f56c9bf304c,1501273166562,36,closer,distr2,109,37,50,3,2,target,92,68,50,2,3,distr1,128,93,50,1,1,9,13,18,false
2807-253d3ab7-b1a1-4a7d-ae7d-7f56c9bf304c,1501273184243,37,closer,target,76,57,50,1,2,distr1,154,89,50,2,1,distr2,85,87,50,3,3,19,10,16,true
2807-253d3ab7-b1a1-4a7d-ae7d-7f56c9bf304c,1501273216723,38,equal,target,105,72,50,1,3,distr2,0,87,50,3,1,distr1,225,86,50,2,2,73,80,49,true
2807-253d3ab7-b1a1-4a7d-ae7d-7f56c9bf304c,1501273253625,39,equal,target,144,33,50,1,3,distr2,126,84,50,2,2,distr1,281,93,50,3,1,52,22,69,true
2807-253d3ab7-b1a1-4a7d-ae7d-7f56c9bf304c,1501273274008,40,further,distr1,265,53,50,3,2,distr2,37,12,50,2,1,target,277,17,50,1,3,18,29,44,false
2807-253d3ab7-b1a1-4a7d-ae7d-7f56c9bf304c,1501273293440,41,equal,target,122,11,50,1,1,distr2,237,26,50,2,3,distr1,44,94,50,3,2,35,36,61,true
2807-253d3ab7-b1a1-4a7d-ae7d-7f56c9bf304c,1501273317072,42,equal,target,281,39,50,2,2,distr1,152,9,50,1,1,distr2,92,53,50,3,3,33,82,27,true
2807-253d3ab7-b1a1-4a7d-ae7d-7f56c9bf304c,1501273342520,43,closer,target,222,54,50,3,2,distr2,202,12,50,1,3,distr1,217,8,50,2,1,18,17,5,true
2807-253d3ab7-b1a1-4a7d-ae7d-7f56c9bf304c,1501273371039,44,closer,distr2,69,76,50,3,2,target,109,83,50,2,1,distr1,100,38,50,1,3,16,15,19,false
2807-253d3ab7-b1a1-4a7d-ae7d-7f56c9bf304c,1501273390194,45,further,target,250,43,50,2,3,distr2,93,19,50,1,2,distr1,283,84,50,3,1,16,51,70,true
2807-253d3ab7-b1a1-4a7d-ae7d-7f56c9bf304c,1501273406891,46,further,target,195,7,50,1,1,distr1,214,26,50,3,3,distr2,97,39,50,2,2,13,30,46,true
2807-253d3ab7-b1a1-4a7d-ae7d-7f56c9bf304c,1501273430333,47,closer,distr1,134,1,50,3,3,distr2,319,7,50,2,2,target,282,2,50,1,1,5,8,13,false
2807-253d3ab7-b1a1-4a7d-ae7d-7f56c9bf304c,1501273448128,48,closer,target,277,26,50,1,1,distr1,290,57,50,2,2,distr2,290,33,50,3,3,12,5,8,true
2807-253d3ab7-b1a1-4a7d-ae7d-7f56c9bf304c,1501273469474,49,further,distr2,11,1,50,2,2,target,268,66,50,1,1,distr1,269,42,50,3,3,7,34,29,false
2807-253d3ab7-b1a1-4a7d-ae7d-7f56c9bf304c,1501273491431,50,equal,target,173,31,50,2,2,distr1,286,64,50,1,3,distr2,128,80,50,3,1,41,30,104,true
2292-90a01583-25d1-4d87-a41b-9f772c314d61,1501291456818,1,equal,target,51,97,50,1,2,distr2,166,8,50,2,3,distr1,353,26,50,3,1,53,39,36,true
2292-90a01583-25d1-4d87-a41b-9f772c314d61,1501291544313,2,equal,target,18,75,50,3,2,distr1,331,96,50,2,3,distr2,229,81,50,1,1,30,53,38,true
2292-90a01583-25d1-4d87-a41b-9f772c314d61,1501291650011,3,further,target,234,67,50,1,2,distr2,172,57,50,2,3,distr1,277,73,50,3,1,14,56,53,true
2292-90a01583-25d1-4d87-a41b-9f772c314d61,1501291806886,4,closer,target,164,79,50,3,1,distr1,149,33,50,2,3,distr2,108,52,50,1,2,16,18,15,true
2292-90a01583-25d1-4d87-a41b-9f772c314d61,1501291903194,5,closer,target,335,14,50,3,1,distr1,266,4,50,2,2,distr2,270,17,50,1,3,12,11,13,true
2292-90a01583-25d1-4d87-a41b-9f772c314d61,1501291957924,6,equal,target,26,17,50,3,3,distr1,182,51,50,1,2,distr2,245,40,50,2,1,35,38,45,true
2292-90a01583-25d1-4d87-a41b-9f772c314d61,1501292017591,7,equal,target,143,0,50,1,2,distr1,13,46,50,2,3,distr2,333,95,50,3,1,24,29,22,true
2292-90a01583-25d1-4d87-a41b-9f772c314d61,1501292076539,8,closer,target,135,56,50,2,2,distr2,99,34,50,1,1,distr1,166,36,50,3,3,18,10,18,true
2292-90a01583-25d1-4d87-a41b-9f772c314d61,1501292091339,9,further,distr2,257,73,50,3,1,distr1,321,92,50,2,3,target,310,54,50,1,2,9,22,30,false
2292-90a01583-25d1-4d87-a41b-9f772c314d61,1501292150097,10,equal,target,228,21,50,2,2,distr2,326,27,50,1,1,distr1,17,32,50,3,3,31,21,23,true
2292-90a01583-25d1-4d87-a41b-9f772c314d61,1501292162995,11,further,target,281,92,50,1,3,distr1,226,74,50,3,1,distr2,122,93,50,2,2,18,111,76,true
2292-90a01583-25d1-4d87-a41b-9f772c314d61,1501292215307,12,further,target,78,53,50,2,1,distr2,191,36,50,1,3,distr1,62,36,50,3,2,9,40,36,true
2292-90a01583-25d1-4d87-a41b-9f772c314d61,1501292263492,13,equal,target,300,84,50,2,1,distr1,142,22,50,3,3,distr2,292,10,50,1,2,45,24,34,true
2292-90a01583-25d1-4d87-a41b-9f772c314d61,1501292296967,14,further,target,22,40,50,3,3,distr2,206,38,50,1,1,distr1,22,9,50,2,2,15,39,25,true
2292-90a01583-25d1-4d87-a41b-9f772c314d61,1501292348904,15,equal,target,161,8,50,2,2,distr2,254,23,50,1,1,distr1,295,81,50,3,3,31,28,22,true
2292-90a01583-25d1-4d87-a41b-9f772c314d61,1501292381141,16,equal,target,262,22,50,3,1,distr2,341,48,50,2,2,distr1,96,86,50,1,3,61,23,84,true
2292-90a01583-25d1-4d87-a41b-9f772c314d61,1501292392118,17,equal,target,63,3,50,1,2,distr1,108,52,50,2,1,distr2,284,91,50,3,3,29,41,98,true
2292-90a01583-25d1-4d87-a41b-9f772c314d61,1501292481396,18,closer,target,49,5,50,1,3,distr2,93,6,50,2,2,distr1,17,8,50,3,1,9,6,15,true
2292-90a01583-25d1-4d87-a41b-9f772c314d61,1501292516316,19,closer,target,101,78,50,2,1,distr1,90,59,50,3,2,distr2,114,50,50,1,3,7,10,7,true
2292-90a01583-25d1-4d87-a41b-9f772c314d61,1501292553588,20,closer,target,324,26,50,1,2,distr1,343,61,50,3,1,distr2,349,13,50,2,3,15,12,18,true
2292-90a01583-25d1-4d87-a41b-9f772c314d61,1501292572779,21,equal,target,304,0,50,3,3,distr2,223,88,50,2,1,distr1,108,44,50,1,2,30,33,65,true
2292-90a01583-25d1-4d87-a41b-9f772c314d61,1501292609751,22,equal,target,257,20,50,3,1,distr2,59,83,50,2,3,distr1,137,34,50,1,2,43,68,32,true
2292-90a01583-25d1-4d87-a41b-9f772c314d61,1501292696651,23,closer,target,157,90,50,2,3,distr2,149,63,50,1,2,distr1,85,81,50,3,1,18,8,17,true
2292-90a01583-25d1-4d87-a41b-9f772c314d61,1501292854301,24,further,target,131,21,50,2,2,distr2,297,4,50,1,1,distr1,68,22,50,3,3,12,30,31,true
2292-90a01583-25d1-4d87-a41b-9f772c314d61,1501292940804,25,further,target,16,11,50,3,2,distr2,215,76,50,1,1,distr1,39,37,50,2,3,19,32,52,true
2292-90a01583-25d1-4d87-a41b-9f772c314d61,1501293040603,26,further,target,138,3,50,3,3,distr2,17,35,50,1,1,distr1,151,13,50,2,2,10,27,35,true
2292-90a01583-25d1-4d87-a41b-9f772c314d61,1501293080237,27,further,target,176,31,50,1,1,distr1,182,85,50,2,2,distr2,98,64,50,3,3,16,30,35,true
2292-90a01583-25d1-4d87-a41b-9f772c314d61,1501293136315,28,closer,target,95,80,50,1,2,distr2,94,59,50,2,3,distr1,128,92,50,3,1,6,7,11,true
2292-90a01583-25d1-4d87-a41b-9f772c314d61,1501293165947,29,further,target,133,90,50,1,1,distr1,165,76,50,2,3,distr2,0,41,50,3,2,19,78,70,true
2292-90a01583-25d1-4d87-a41b-9f772c314d61,1501293290607,30,closer,distr1,223,19,50,3,2,target,224,11,50,2,3,distr2,1,7,50,1,1,5,14,18,false
2292-90a01583-25d1-4d87-a41b-9f772c314d61,1501293335053,31,further,target,86,44,50,3,1,distr1,119,30,50,1,3,distr2,279,84,50,2,2,10,89,56,true
2292-90a01583-25d1-4d87-a41b-9f772c314d61,1501293488523,32,closer,target,219,84,50,1,1,distr1,238,99,50,3,3,distr2,266,48,50,2,2,17,17,13,true
2292-90a01583-25d1-4d87-a41b-9f772c314d61,1501293584651,33,closer,target,132,18,50,1,3,distr2,163,27,50,3,1,distr1,83,17,50,2,2,8,8,15,true
2292-90a01583-25d1-4d87-a41b-9f772c314d61,1501293631647,34,closer,distr2,293,42,50,3,2,distr1,339,27,50,2,1,target,307,40,50,1,3,14,5,17,false
2292-90a01583-25d1-4d87-a41b-9f772c314d61,1501293677235,35,equal,target,269,93,50,1,1,distr2,0,21,50,3,2,distr1,41,33,50,2,3,63,34,28,true
2292-90a01583-25d1-4d87-a41b-9f772c314d61,1501293745537,36,further,target,132,21,50,2,1,distr1,84,54,50,3,2,distr2,6,91,50,1,3,19,58,66,true
2292-90a01583-25d1-4d87-a41b-9f772c314d61,1501293811463,37,further,target,81,72,50,2,1,distr1,80,51,50,1,3,distr2,252,5,50,3,2,7,45,43,true
2292-90a01583-25d1-4d87-a41b-9f772c314d61,1501293892617,38,further,target,67,71,50,3,2,distr2,282,38,50,1,1,distr1,125,80,50,2,3,18,81,92,true
2292-90a01583-25d1-4d87-a41b-9f772c314d61,1501293940255,39,closer,target,160,69,50,3,2,distr2,127,70,50,1,1,distr1,123,51,50,2,3,14,15,6,true
2292-90a01583-25d1-4d87-a41b-9f772c314d61,1501293973593,40,further,target,224,3,50,2,3,distr2,346,27,50,1,2,distr1,185,21,50,3,1,16,23,42,true
2292-90a01583-25d1-4d87-a41b-9f772c314d61,1501293998207,41,equal,distr1,256,53,50,1,3,target,335,47,50,3,2,distr2,176,56,50,2,1,27,64,53,false
2292-90a01583-25d1-4d87-a41b-9f772c314d61,1501294055202,42,equal,target,277,22,50,2,3,distr1,123,45,50,1,1,distr2,13,75,50,3,2,50,37,66,true
2292-90a01583-25d1-4d87-a41b-9f772c314d61,1501294143920,43,equal,target,92,79,50,3,2,distr1,226,45,50,2,1,distr2,163,50,50,1,3,70,24,47,true
2292-90a01583-25d1-4d87-a41b-9f772c314d61,1501294200112,44,closer,distr2,296,95,50,2,3,target,319,87,50,1,1,distr1,311,83,50,3,2,5,12,8,false
2292-90a01583-25d1-4d87-a41b-9f772c314d61,1501294271307,45,further,target,324,92,50,2,1,distr2,246,83,50,3,3,distr1,333,66,50,1,2,8,35,33,true
2292-90a01583-25d1-4d87-a41b-9f772c314d61,1501294309100,46,equal,target,100,99,50,3,2,distr2,7,46,50,1,3,distr1,264,91,50,2,1,79,75,41,true
2292-90a01583-25d1-4d87-a41b-9f772c314d61,1501294357074,47,equal,target,328,6,50,3,2,distr2,287,66,50,1,1,distr1,207,95,50,2,3,30,28,37,true
2292-90a01583-25d1-4d87-a41b-9f772c314d61,1501294512635,48,closer,target,143,31,50,2,1,distr1,79,21,50,1,2,distr2,113,34,50,3,3,13,8,11,true
2292-90a01583-25d1-4d87-a41b-9f772c314d61,1501294575858,49,further,distr1,128,50,50,2,2,target,102,44,50,3,3,distr2,197,25,50,1,1,5,38,38,false
2292-90a01583-25d1-4d87-a41b-9f772c314d61,1501294616203,50,closer,target,141,44,50,3,2,distr2,128,24,50,1,1,distr1,102,33,50,2,3,8,8,7,true
5868-39a69aa5-b3d0-4893-9448-65f97cc6fc60,1501422333383,1,further,distr1,165,86,50,2,1,distr2,272,94,50,3,3,target,154,40,50,1,2,15,54,64,false
5868-39a69aa5-b3d0-4893-9448-65f97cc6fc60,1501422493115,2,closer,target,166,3,50,3,3,distr2,170,15,50,1,1,distr1,28,5,50,2,2,7,12,18,true
5868-39a69aa5-b3d0-4893-9448-65f97cc6fc60,1501422544219,3,further,target,111,87,50,2,2,distr1,121,52,50,1,1,distr2,18,19,50,3,3,12,50,43,true
5868-39a69aa5-b3d0-4893-9448-65f97cc6fc60,1501422554260,4,equal,target,313,95,50,1,3,distr2,58,17,50,2,2,distr1,240,35,50,3,1,30,55,51,true
5868-39a69aa5-b3d0-4893-9448-65f97cc6fc60,1501422568233,5,closer,target,150,58,50,2,3,distr1,81,62,50,1,1,distr2,97,79,50,3,2,17,16,8,true
5868-39a69aa5-b3d0-4893-9448-65f97cc6fc60,1501422576739,6,further,target,282,77,50,2,1,distr1,266,41,50,3,3,distr2,91,62,50,1,2,10,97,86,true
5868-39a69aa5-b3d0-4893-9448-65f97cc6fc60,1501422643248,7,further,target,351,12,50,2,1,distr1,94,2,50,1,3,distr2,125,60,50,3,2,18,52,32,true
5868-39a69aa5-b3d0-4893-9448-65f97cc6fc60,1501422670773,8,equal,target,236,28,50,2,3,distr2,197,82,50,3,2,distr1,97,57,50,1,1,60,32,55,true
5868-39a69aa5-b3d0-4893-9448-65f97cc6fc60,1501422681271,9,further,target,20,40,50,3,1,distr2,72,81,50,1,2,distr1,348,99,50,2,3,19,49,73,true
5868-39a69aa5-b3d0-4893-9448-65f97cc6fc60,1501422693351,10,equal,target,332,19,50,3,2,distr1,167,68,50,2,3,distr2,100,19,50,1,1,57,45,22,true
5868-39a69aa5-b3d0-4893-9448-65f97cc6fc60,1501422707241,11,equal,target,61,74,50,2,2,distr1,314,46,50,3,1,distr2,21,29,50,1,3,79,41,33,true
5868-39a69aa5-b3d0-4893-9448-65f97cc6fc60,1501422715795,12,equal,target,349,59,50,1,1,distr2,138,92,50,3,3,distr1,177,44,50,2,2,62,88,31,true
5868-39a69aa5-b3d0-4893-9448-65f97cc6fc60,1501422734519,13,closer,target,28,14,50,1,3,distr1,203,7,50,3,2,distr2,10,12,50,2,1,17,7,19,true
5868-39a69aa5-b3d0-4893-9448-65f97cc6fc60,1501422747274,14,further,target,326,67,50,1,3,distr2,199,32,50,3,2,distr1,308,99,50,2,1,14,46,39,true
5868-39a69aa5-b3d0-4893-9448-65f97cc6fc60,1501422770803,15,closer,target,151,8,50,3,2,distr2,65,11,50,2,3,distr1,323,1,50,1,1,13,10,15,true
5868-39a69aa5-b3d0-4893-9448-65f97cc6fc60,1501422781092,16,equal,target,221,93,50,2,2,distr1,189,71,50,1,1,distr2,6,38,50,3,3,38,40,61,true
5868-39a69aa5-b3d0-4893-9448-65f97cc6fc60,1501422791983,17,equal,target,20,18,50,3,2,distr2,20,91,50,2,1,distr1,241,63,50,1,3,42,22,56,true
5868-39a69aa5-b3d0-4893-9448-65f97cc6fc60,1501422802329,18,further,target,305,81,50,3,1,distr2,80,38,50,2,3,distr1,305,42,50,1,2,9,80,72,true
5868-39a69aa5-b3d0-4893-9448-65f97cc6fc60,1501422824326,19,closer,distr1,322,9,50,2,3,target,251,10,50,3,2,distr2,12,16,50,1,1,8,17,10,false
5868-39a69aa5-b3d0-4893-9448-65f97cc6fc60,1501422862767,20,closer,target,243,21,50,2,1,distr2,267,13,50,3,3,distr1,231,37,50,1,2,7,9,16,true
5868-39a69aa5-b3d0-4893-9448-65f97cc6fc60,1501422872205,21,further,target,298,78,50,2,2,distr2,179,8,50,1,1,distr1,309,25,50,3,3,16,21,23,true
5868-39a69aa5-b3d0-4893-9448-65f97cc6fc60,1501422885859,22,closer,target,231,8,50,2,1,distr2,201,15,50,1,2,distr1,276,24,50,3,3,16,12,19,true
5868-39a69aa5-b3d0-4893-9448-65f97cc6fc60,1501422909062,23,closer,target,143,62,50,1,1,distr1,148,86,50,3,3,distr2,166,95,50,2,2,7,14,12,true
5868-39a69aa5-b3d0-4893-9448-65f97cc6fc60,1501422928737,24,further,distr1,282,42,50,2,3,target,255,84,50,1,1,distr2,30,38,50,3,2,17,56,46,false
5868-39a69aa5-b3d0-4893-9448-65f97cc6fc60,1501422967754,25,closer,target,115,7,50,2,1,distr2,192,0,50,1,2,distr1,68,15,50,3,3,9,12,17,true
5868-39a69aa5-b3d0-4893-9448-65f97cc6fc60,1501422975038,26,equal,target,262,5,50,2,2,distr1,121,82,50,1,3,distr2,252,75,50,3,1,44,33,78,true
5868-39a69aa5-b3d0-4893-9448-65f97cc6fc60,1501422991288,27,equal,target,342,99,50,3,1,distr1,312,17,50,1,3,distr2,89,15,50,2,2,26,52,42,true
5868-39a69aa5-b3d0-4893-9448-65f97cc6fc60,1501423000177,28,equal,target,62,89,50,2,2,distr1,101,23,50,3,1,distr2,227,70,50,1,3,30,89,56,true
5868-39a69aa5-b3d0-4893-9448-65f97cc6fc60,1501423009994,29,equal,target,35,70,50,3,3,distr1,109,61,50,2,2,distr2,264,41,50,1,1,43,59,64,true
5868-39a69aa5-b3d0-4893-9448-65f97cc6fc60,1501423017264,30,further,target,54,9,50,2,2,distr1,28,27,50,1,3,distr2,281,31,50,3,1,15,39,38,true
5868-39a69aa5-b3d0-4893-9448-65f97cc6fc60,1501423027596,31,further,target,72,89,50,1,1,distr1,77,58,50,3,3,distr2,266,26,50,2,2,10,78,72,true
5868-39a69aa5-b3d0-4893-9448-65f97cc6fc60,1501423043466,32,equal,target,159,61,50,2,2,distr2,18,17,50,1,1,distr1,259,95,50,3,3,63,42,42,true
5868-39a69aa5-b3d0-4893-9448-65f97cc6fc60,1501423050878,33,further,target,303,58,50,1,2,distr2,175,83,50,2,1,distr1,269,99,50,3,3,18,59,60,true
5868-39a69aa5-b3d0-4893-9448-65f97cc6fc60,1501423059100,34,equal,target,189,36,50,2,3,distr2,50,77,50,3,1,distr1,143,53,50,1,2,31,43,32,true
5868-39a69aa5-b3d0-4893-9448-65f97cc6fc60,1501423107153,35,closer,target,111,73,50,2,2,distr2,111,94,50,3,1,distr1,84,51,50,1,3,11,6,15,true
5868-39a69aa5-b3d0-4893-9448-65f97cc6fc60,1501423113734,36,equal,target,93,74,50,1,2,distr2,275,65,50,3,1,distr1,107,5,50,2,3,33,100,39,true
5868-39a69aa5-b3d0-4893-9448-65f97cc6fc60,1501423135864,37,further,target,20,83,50,3,1,distr2,306,22,50,2,2,distr1,33,84,50,1,3,15,37,46,true
5868-39a69aa5-b3d0-4893-9448-65f97cc6fc60,1501423144782,38,equal,target,206,31,50,2,1,distr1,179,82,50,1,3,distr2,137,54,50,3,2,32,43,26,true
5868-39a69aa5-b3d0-4893-9448-65f97cc6fc60,1501423158451,39,closer,distr2,341,50,50,3,1,target,359,27,50,2,2,distr1,6,68,50,1,3,15,11,19,false
5868-39a69aa5-b3d0-4893-9448-65f97cc6fc60,1501423179342,40,further,target,68,37,50,3,1,distr2,233,32,50,2,3,distr1,131,42,50,1,2,16,61,52,true
5868-39a69aa5-b3d0-4893-9448-65f97cc6fc60,1501423198150,41,closer,target,215,14,50,3,2,distr1,170,14,50,1,1,distr2,340,1,50,2,3,17,11,17,true
5868-39a69aa5-b3d0-4893-9448-65f97cc6fc60,1501423213171,42,closer,target,285,27,50,2,3,distr2,243,24,50,1,2,distr1,267,64,50,3,1,16,11,16,true
5868-39a69aa5-b3d0-4893-9448-65f97cc6fc60,1501423250416,43,closer,target,116,98,50,3,1,distr1,95,72,50,2,2,distr2,146,96,50,1,3,8,7,11,true
5868-39a69aa5-b3d0-4893-9448-65f97cc6fc60,1501423263131,44,further,target,242,69,50,3,3,distr2,314,16,50,1,1,distr1,282,73,50,2,2,16,30,22,true
5868-39a69aa5-b3d0-4893-9448-65f97cc6fc60,1501423299848,45,closer,target,87,42,50,1,3,distr1,122,48,50,2,1,distr2,129,90,50,3,2,9,17,13,true
5868-39a69aa5-b3d0-4893-9448-65f97cc6fc60,1501423308972,46,closer,target,91,36,50,2,1,distr1,67,40,50,1,3,distr2,53,62,50,3,2,9,19,11,true
5868-39a69aa5-b3d0-4893-9448-65f97cc6fc60,1501423320172,47,equal,target,154,39,50,3,3,distr2,247,58,50,1,2,distr1,45,31,50,2,1,26,56,63,true
5868-39a69aa5-b3d0-4893-9448-65f97cc6fc60,1501423352175,48,closer,target,116,43,50,1,1,distr1,118,78,50,3,3,distr2,83,43,50,2,2,12,9,15,true
5868-39a69aa5-b3d0-4893-9448-65f97cc6fc60,1501423365920,49,further,target,125,31,50,3,3,distr2,199,55,50,2,1,distr1,168,54,50,1,2,16,41,28,true
5868-39a69aa5-b3d0-4893-9448-65f97cc6fc60,1501423376872,50,further,target,245,94,50,2,1,distr2,211,91,50,3,2,distr1,279,45,50,1,3,18,28,28,true
7226-ccc3b8d4-37a4-4334-9095-74260418e8c1,1501443447671,1,equal,distr2,185,97,50,1,1,target,330,25,50,3,2,distr1,124,1,50,2,3,25,65,33,false
7024-9f33f165-8d4a-44db-8b60-8236445b9073,1501528300402,1,closer,target,76,51,50,3,3,distr1,89,47,50,2,1,distr2,91,37,50,1,2,5,8,5,true
7024-9f33f165-8d4a-44db-8b60-8236445b9073,1501528322503,2,equal,target,84,28,50,1,2,distr2,292,83,50,3,3,distr1,199,25,50,2,1,33,76,26,true
7024-9f33f165-8d4a-44db-8b60-8236445b9073,1501528435964,3,equal,target,298,35,50,3,1,distr2,178,1,50,1,2,distr1,22,66,50,2,3,42,23,28,true
7024-9f33f165-8d4a-44db-8b60-8236445b9073,1501528489161,4,closer,distr1,115,58,50,1,2,target,119,31,50,2,3,distr2,161,54,50,3,1,12,14,17,false
7024-9f33f165-8d4a-44db-8b60-8236445b9073,1501528596404,5,equal,target,89,94,50,3,2,distr1,279,45,50,2,1,distr2,121,6,50,1,3,97,37,36,true
7024-9f33f165-8d4a-44db-8b60-8236445b9073,1501528632577,6,closer,target,116,49,50,2,3,distr2,122,24,50,1,1,distr1,160,40,50,3,2,17,12,11,true
7024-9f33f165-8d4a-44db-8b60-8236445b9073,1501528698257,7,further,target,90,17,50,3,2,distr2,21,29,50,1,3,distr1,127,35,50,2,1,12,29,40,true
7024-9f33f165-8d4a-44db-8b60-8236445b9073,1501528791387,8,equal,target,285,12,50,1,3,distr2,120,10,50,2,2,distr1,196,72,50,3,1,39,30,31,true
7024-9f33f165-8d4a-44db-8b60-8236445b9073,1501528840959,9,closer,target,159,64,50,2,3,distr2,134,69,50,3,1,distr1,122,92,50,1,2,19,12,9,true
7024-9f33f165-8d4a-44db-8b60-8236445b9073,1501528886559,10,further,target,138,29,50,1,2,distr2,234,45,50,3,1,distr1,105,50,50,2,3,14,51,65,true
7024-9f33f165-8d4a-44db-8b60-8236445b9073,1501528929769,11,further,target,82,78,50,2,1,distr1,81,30,50,1,3,distr2,253,36,50,3,2,19,85,66,true
7024-9f33f165-8d4a-44db-8b60-8236445b9073,1501528965763,12,closer,target,284,61,50,1,3,distr2,273,17,50,2,2,distr1,258,30,50,3,1,13,18,10,true
7024-9f33f165-8d4a-44db-8b60-8236445b9073,1501529048563,13,closer,target,108,38,50,2,3,distr2,152,62,50,1,1,distr1,104,92,50,3,2,18,12,17,true
7024-9f33f165-8d4a-44db-8b60-8236445b9073,1501529139188,14,equal,target,174,14,50,2,3,distr2,24,24,50,1,2,distr1,77,62,50,3,1,32,29,37,true
7024-9f33f165-8d4a-44db-8b60-8236445b9073,1501529237103,15,further,target,164,20,50,2,3,distr1,142,2,50,1,1,distr2,147,67,50,3,2,15,23,31,true
7024-9f33f165-8d4a-44db-8b60-8236445b9073,1501529259103,16,further,target,49,89,50,2,2,distr1,41,89,50,3,1,distr2,183,60,50,1,3,11,43,45,true
7024-9f33f165-8d4a-44db-8b60-8236445b9073,1501529284164,17,closer,target,136,69,50,1,2,distr1,91,37,50,3,3,distr2,79,72,50,2,1,13,14,14,true
7024-9f33f165-8d4a-44db-8b60-8236445b9073,1501529333172,18,equal,target,60,24,50,3,2,distr2,153,47,50,2,1,distr1,298,11,50,1,3,40,21,42,true
7024-9f33f165-8d4a-44db-8b60-8236445b9073,1501529358618,19,equal,target,312,20,50,1,2,distr2,164,27,50,2,3,distr1,130,73,50,3,1,73,39,25,true
7024-9f33f165-8d4a-44db-8b60-8236445b9073,1501529470896,20,further,distr1,90,1,50,2,3,target,347,7,50,3,1,distr2,48,52,50,1,2,12,34,28,false
7024-9f33f165-8d4a-44db-8b60-8236445b9073,1501529503281,21,closer,target,236,33,50,1,2,distr1,226,99,50,3,1,distr2,264,81,50,2,3,13,16,9,true
7024-9f33f165-8d4a-44db-8b60-8236445b9073,1501529535433,22,closer,target,243,96,50,1,1,distr2,285,93,50,2,3,distr1,262,87,50,3,2,5,19,15,true
4897-de14bbb4-eb62-447f-9190-ad5729cc33d8,1501797324169,1,further,target,87,49,50,1,1,distr2,333,26,50,2,2,distr1,76,39,50,3,3,6,62,56,true
4897-de14bbb4-eb62-447f-9190-ad5729cc33d8,1501797371687,2,equal,target,253,39,50,3,1,distr1,173,87,50,2,3,distr2,124,73,50,1,2,58,66,25,true
4897-de14bbb4-eb62-447f-9190-ad5729cc33d8,1501797410110,3,further,target,107,45,50,1,1,distr2,0,91,50,3,3,distr1,118,65,50,2,2,7,72,80,true
4897-de14bbb4-eb62-447f-9190-ad5729cc33d8,1501797515789,4,closer,target,104,11,50,3,2,distr1,66,33,50,2,1,distr2,145,22,50,1,3,16,9,19,true
4897-de14bbb4-eb62-447f-9190-ad5729cc33d8,1501797539215,5,closer,distr2,206,9,50,2,3,target,227,31,50,3,1,distr1,198,38,50,1,2,19,15,12,false
4897-de14bbb4-eb62-447f-9190-ad5729cc33d8,1501797551703,6,equal,target,102,28,50,2,1,distr2,266,71,50,3,3,distr1,11,2,50,1,2,26,58,35,true
4897-de14bbb4-eb62-447f-9190-ad5729cc33d8,1501797612369,7,further,target,236,9,50,1,3,distr1,213,10,50,3,2,distr2,2,51,50,2,1,7,30,33,true
4897-de14bbb4-eb62-447f-9190-ad5729cc33d8,1501797638250,8,closer,target,269,54,50,3,3,distr1,227,47,50,2,1,distr2,283,48,50,1,2,15,7,19,true
4897-de14bbb4-eb62-447f-9190-ad5729cc33d8,1501797651668,9,further,target,267,51,50,2,2,distr2,324,3,50,1,1,distr1,255,96,50,3,3,11,30,37,true
4897-de14bbb4-eb62-447f-9190-ad5729cc33d8,1501797692669,10,further,target,297,46,50,1,3,distr2,10,37,50,2,1,distr1,284,30,50,3,2,7,31,29,true
4897-de14bbb4-eb62-447f-9190-ad5729cc33d8,1501797717982,11,further,target,167,63,50,1,2,distr2,288,78,50,3,3,distr1,166,27,50,2,1,13,55,42,true
4897-de14bbb4-eb62-447f-9190-ad5729cc33d8,1501797748924,12,equal,target,202,9,50,1,1,distr1,352,46,50,3,2,distr2,110,23,50,2,3,32,26,57,true
4897-de14bbb4-eb62-447f-9190-ad5729cc33d8,1501797771454,13,equal,target,87,9,50,3,3,distr2,212,34,50,1,1,distr1,299,11,50,2,2,33,30,23,true
4897-de14bbb4-eb62-447f-9190-ad5729cc33d8,1501797792444,14,equal,target,13,92,50,1,3,distr2,126,4,50,2,1,distr1,263,55,50,3,2,48,38,37,true
4897-de14bbb4-eb62-447f-9190-ad5729cc33d8,1501797809788,15,further,target,168,23,50,1,2,distr1,61,16,50,3,3,distr2,359,20,50,2,1,19,43,32,true
4897-de14bbb4-eb62-447f-9190-ad5729cc33d8,1501797834924,16,further,distr1,325,32,50,1,3,distr2,111,77,50,2,1,target,266,13,50,3,2,15,51,81,false
4897-de14bbb4-eb62-447f-9190-ad5729cc33d8,1501797875108,17,closer,target,157,54,50,1,2,distr1,130,86,50,2,3,distr2,146,54,50,3,1,18,5,14,true
4897-de14bbb4-eb62-447f-9190-ad5729cc33d8,1501797892971,18,equal,target,347,32,50,2,1,distr1,129,5,50,1,2,distr2,240,84,50,3,3,36,35,43,true
4897-de14bbb4-eb62-447f-9190-ad5729cc33d8,1501797908076,19,further,target,89,84,50,2,3,distr2,311,57,50,1,1,distr1,75,95,50,3,2,8,95,92,true
4897-de14bbb4-eb62-447f-9190-ad5729cc33d8,1501797944515,20,closer,target,56,36,50,1,2,distr1,43,23,50,3,3,distr2,72,25,50,2,1,12,8,12,true
4897-de14bbb4-eb62-447f-9190-ad5729cc33d8,1501797956060,21,equal,target,92,92,50,3,1,distr2,336,52,50,2,3,distr1,245,25,50,1,2,66,87,26,true
4897-de14bbb4-eb62-447f-9190-ad5729cc33d8,1501798018716,22,closer,target,149,21,50,2,1,distr1,130,23,50,1,3,distr2,169,19,50,3,2,6,7,13,true
4897-de14bbb4-eb62-447f-9190-ad5729cc33d8,1501798033818,23,further,target,308,63,50,2,2,distr2,56,91,50,3,3,distr1,329,20,50,1,1,18,83,61,true
4897-de14bbb4-eb62-447f-9190-ad5729cc33d8,1501798045322,24,further,target,278,47,50,2,1,distr2,90,58,50,3,2,distr1,265,80,50,1,3,11,88,98,true
4897-de14bbb4-eb62-447f-9190-ad5729cc33d8,1501798084602,25,closer,target,23,84,50,3,1,distr1,31,44,50,1,2,distr2,27,79,50,2,3,14,5,11,true
4897-de14bbb4-eb62-447f-9190-ad5729cc33d8,1501798098154,26,equal,target,261,93,50,3,3,distr2,319,27,50,1,2,distr1,80,13,50,2,1,63,27,43,true
4897-de14bbb4-eb62-447f-9190-ad5729cc33d8,1501798110866,27,further,target,150,42,50,2,1,distr1,144,23,50,1,2,distr2,264,23,50,3,3,9,45,39,true
4897-de14bbb4-eb62-447f-9190-ad5729cc33d8,1501798125919,28,closer,target,61,22,50,2,1,distr1,87,27,50,3,2,distr2,53,49,50,1,3,8,12,16,true
4897-de14bbb4-eb62-447f-9190-ad5729cc33d8,1501798144378,29,closer,target,222,13,50,3,3,distr2,347,13,50,2,1,distr1,306,2,50,1,2,10,18,11,true
4897-de14bbb4-eb62-447f-9190-ad5729cc33d8,1501798165978,30,equal,target,210,42,50,1,3,distr2,314,94,50,3,1,distr1,245,91,50,2,2,27,42,32,true
4897-de14bbb4-eb62-447f-9190-ad5729cc33d8,1501798180160,31,equal,target,104,81,50,1,3,distr2,359,85,50,3,1,distr1,63,11,50,2,2,31,82,40,true
4897-de14bbb4-eb62-447f-9190-ad5729cc33d8,1501798212921,32,closer,distr1,145,64,50,1,2,distr2,148,24,50,2,3,target,146,31,50,3,1,13,5,17,false
4897-de14bbb4-eb62-447f-9190-ad5729cc33d8,1501798240833,33,further,target,355,4,50,3,1,distr2,207,91,50,1,2,distr1,15,14,50,2,3,8,28,34,true
4897-de14bbb4-eb62-447f-9190-ad5729cc33d8,1501798255561,34,equal,target,111,24,50,2,1,distr2,57,56,50,1,3,distr1,276,48,50,3,2,51,23,77,true
4897-de14bbb4-eb62-447f-9190-ad5729cc33d8,1501798294297,35,closer,target,342,77,50,3,3,distr2,356,42,50,2,1,distr1,324,65,50,1,2,14,9,18,true
4897-de14bbb4-eb62-447f-9190-ad5729cc33d8,1501798306898,36,equal,target,90,66,50,1,2,distr1,187,75,50,2,3,distr2,340,4,50,3,1,41,43,45,true
4897-de14bbb4-eb62-447f-9190-ad5729cc33d8,1501798325908,37,equal,target,193,36,50,2,2,distr1,117,30,50,3,1,distr2,220,67,50,1,3,32,24,55,true
4897-de14bbb4-eb62-447f-9190-ad5729cc33d8,1501798337337,38,closer,target,38,12,50,2,2,distr1,22,44,50,1,3,distr2,10,30,50,3,1,17,19,10,true
4897-de14bbb4-eb62-447f-9190-ad5729cc33d8,1501798357252,39,equal,target,14,25,50,2,2,distr2,237,14,50,1,3,distr1,153,27,50,3,1,39,25,32,true
4897-de14bbb4-eb62-447f-9190-ad5729cc33d8,1501798373284,40,further,target,24,10,50,2,2,distr2,28,73,50,1,1,distr1,348,3,50,3,3,7,23,28,true
4897-de14bbb4-eb62-447f-9190-ad5729cc33d8,1501798404576,41,closer,distr1,127,42,50,2,2,distr2,132,27,50,1,3,target,95,26,50,3,1,10,7,8,false
4897-de14bbb4-eb62-447f-9190-ad5729cc33d8,1501798420048,42,equal,target,42,25,50,2,3,distr2,189,67,50,1,2,distr1,271,26,50,3,1,43,36,42,true
4897-de14bbb4-eb62-447f-9190-ad5729cc33d8,1501798438624,43,further,target,81,50,50,1,1,distr1,140,26,50,3,3,distr2,47,72,50,2,2,18,21,32,true
4897-de14bbb4-eb62-447f-9190-ad5729cc33d8,1501798471180,44,closer,distr2,295,56,50,2,1,target,285,89,50,1,2,distr1,255,29,50,3,3,18,7,16,false
4897-de14bbb4-eb62-447f-9190-ad5729cc33d8,1501798485384,45,closer,target,222,18,50,1,1,distr1,275,2,50,2,2,distr2,38,5,50,3,3,12,19,7,true
4897-de14bbb4-eb62-447f-9190-ad5729cc33d8,1501798520947,46,further,distr1,155,25,50,2,2,target,171,69,50,1,1,distr2,235,73,50,3,3,16,61,50,false
4897-de14bbb4-eb62-447f-9190-ad5729cc33d8,1501798544776,47,closer,distr2,192,33,50,2,2,distr1,183,80,50,1,1,target,187,90,50,3,3,5,18,19,false
4897-de14bbb4-eb62-447f-9190-ad5729cc33d8,1501798563092,48,further,target,90,44,50,1,3,distr2,222,17,50,3,1,distr1,154,63,50,2,2,15,46,41,true
4897-de14bbb4-eb62-447f-9190-ad5729cc33d8,1501798576448,49,equal,target,78,4,50,1,1,distr2,25,49,50,2,2,distr1,182,46,50,3,3,24,24,43,true
4897-de14bbb4-eb62-447f-9190-ad5729cc33d8,1501798600975,50,closer,target,289,42,50,2,3,distr1,254,37,50,3,1,distr2,231,22,50,1,2,13,19,11,true
5465-9799631c-c1a7-4b17-8944-307f2bf89df2,1501844312736,1,closer,target,137,53,50,2,2,distr1,153,85,50,1,1,distr2,87,75,50,3,3,10,15,15,true
9288-3ab08619-cc57-4f49-8e10-7bcc5f5ed5b4,1502069507105,1,closer,target,226,83,50,1,1,distr1,226,39,50,2,2,distr2,262,56,50,3,3,11,10,16,true
9288-3ab08619-cc57-4f49-8e10-7bcc5f5ed5b4,1502069536351,2,further,target,29,23,50,3,1,distr1,42,51,50,1,3,distr2,195,23,50,2,2,16,29,37,true
9288-3ab08619-cc57-4f49-8e10-7bcc5f5ed5b4,1502069601632,3,closer,target,345,74,50,1,3,distr2,339,28,50,2,1,distr1,330,88,50,3,2,11,15,14,true
9288-3ab08619-cc57-4f49-8e10-7bcc5f5ed5b4,1502069635673,4,closer,target,135,16,50,1,3,distr2,150,50,50,2,2,distr1,82,31,50,3,1,14,15,15,true
9288-3ab08619-cc57-4f49-8e10-7bcc5f5ed5b4,1502069666591,5,equal,target,286,62,50,1,2,distr1,347,22,50,3,3,distr2,217,88,50,2,1,25,24,32,true
9288-3ab08619-cc57-4f49-8e10-7bcc5f5ed5b4,1502069675646,6,further,target,131,87,50,2,2,distr1,73,82,50,1,1,distr2,17,56,50,3,3,15,67,55,true
9288-3ab08619-cc57-4f49-8e10-7bcc5f5ed5b4,1502069689830,7,equal,target,94,23,50,1,1,distr1,226,70,50,2,3,distr2,127,90,50,3,2,56,25,74,true
9288-3ab08619-cc57-4f49-8e10-7bcc5f5ed5b4,1502069704435,8,closer,target,263,84,50,1,1,distr1,226,94,50,2,2,distr2,223,63,50,3,3,9,17,9,true
9288-3ab08619-cc57-4f49-8e10-7bcc5f5ed5b4,1502069718288,9,further,target,164,2,50,3,3,distr2,59,73,50,1,2,distr1,76,16,50,2,1,16,38,27,true
9288-3ab08619-cc57-4f49-8e10-7bcc5f5ed5b4,1502069746088,10,further,target,126,67,50,1,3,distr1,100,77,50,3,2,distr2,334,71,50,2,1,6,91,90,true
9288-3ab08619-cc57-4f49-8e10-7bcc5f5ed5b4,1502069759082,11,further,target,59,13,50,1,2,distr2,231,87,50,3,3,distr1,86,35,50,2,1,15,58,67,true
9288-3ab08619-cc57-4f49-8e10-7bcc5f5ed5b4,1502069787102,12,further,target,44,13,50,3,1,distr2,175,53,50,1,3,distr1,12,12,50,2,2,15,28,40,true
9288-3ab08619-cc57-4f49-8e10-7bcc5f5ed5b4,1502069804642,13,equal,target,47,32,50,1,2,distr1,129,34,50,3,1,distr2,0,27,50,2,3,23,33,54,true
9288-3ab08619-cc57-4f49-8e10-7bcc5f5ed5b4,1502069819112,14,closer,target,139,28,50,1,1,distr1,168,32,50,3,2,distr2,105,11,50,2,3,11,11,14,true
9288-3ab08619-cc57-4f49-8e10-7bcc5f5ed5b4,1502069864422,15,further,distr1,283,75,50,3,3,distr2,92,99,50,2,2,target,287,53,50,1,1,5,101,107,false
9288-3ab08619-cc57-4f49-8e10-7bcc5f5ed5b4,1502069893450,16,further,target,102,99,50,3,3,distr1,130,45,50,1,2,distr2,239,99,50,2,1,19,84,68,true
9288-3ab08619-cc57-4f49-8e10-7bcc5f5ed5b4,1502069928827,17,equal,target,325,8,50,3,2,distr2,127,24,50,2,1,distr1,255,35,50,1,3,23,39,48,true
9288-3ab08619-cc57-4f49-8e10-7bcc5f5ed5b4,1502069949581,18,equal,target,25,31,50,2,1,distr1,248,48,50,3,3,distr2,157,90,50,1,2,45,49,67,true
9288-3ab08619-cc57-4f49-8e10-7bcc5f5ed5b4,1502069967354,19,further,target,301,98,50,2,3,distr1,288,64,50,3,1,distr2,65,39,50,1,2,14,78,77,true
9288-3ab08619-cc57-4f49-8e10-7bcc5f5ed5b4,1502070028579,20,closer,target,146,71,50,1,2,distr2,95,89,50,3,3,distr1,103,42,50,2,1,11,13,16,true
9288-3ab08619-cc57-4f49-8e10-7bcc5f5ed5b4,1502070039433,21,closer,target,117,72,50,1,3,distr1,90,74,50,3,2,distr2,116,48,50,2,1,6,9,11,true
9288-3ab08619-cc57-4f49-8e10-7bcc5f5ed5b4,1502070053832,22,equal,target,150,76,50,1,1,distr2,280,18,50,2,2,distr1,354,52,50,3,3,79,51,25,true
9288-3ab08619-cc57-4f49-8e10-7bcc5f5ed5b4,1502070062595,23,further,target,230,23,50,2,2,distr2,36,21,50,1,3,distr1,214,30,50,3,1,8,34,32,true
9288-3ab08619-cc57-4f49-8e10-7bcc5f5ed5b4,1502070100036,24,closer,target,168,23,50,1,1,distr1,151,10,50,3,2,distr2,98,9,50,2,3,9,13,6,true
9288-3ab08619-cc57-4f49-8e10-7bcc5f5ed5b4,1502070126059,25,closer,target,227,98,50,1,3,distr2,254,80,50,3,1,distr1,266,58,50,2,2,10,6,7,true
9288-3ab08619-cc57-4f49-8e10-7bcc5f5ed5b4,1502070139887,26,closer,target,280,88,50,2,2,distr2,267,86,50,3,3,distr1,251,79,50,1,1,14,8,6,true
9288-3ab08619-cc57-4f49-8e10-7bcc5f5ed5b4,1502070156629,27,equal,target,68,50,50,3,1,distr1,326,23,50,2,2,distr2,221,24,50,1,3,59,55,23,true
9288-3ab08619-cc57-4f49-8e10-7bcc5f5ed5b4,1502070166214,28,further,target,157,61,50,1,2,distr2,272,39,50,3,3,distr1,133,20,50,2,1,16,55,45,true
9288-3ab08619-cc57-4f49-8e10-7bcc5f5ed5b4,1502070192035,29,further,target,260,10,50,1,3,distr1,226,15,50,3,2,distr2,252,87,50,2,1,7,30,26,true
9288-3ab08619-cc57-4f49-8e10-7bcc5f5ed5b4,1502070216424,30,further,target,21,66,50,3,3,distr2,138,7,50,2,1,distr1,17,78,50,1,2,5,34,38,true
9288-3ab08619-cc57-4f49-8e10-7bcc5f5ed5b4,1502070237157,31,closer,distr1,146,93,50,3,1,target,92,81,50,1,2,distr2,111,54,50,2,3,10,9,12,false
9288-3ab08619-cc57-4f49-8e10-7bcc5f5ed5b4,1502070251455,32,further,target,231,83,50,1,3,distr2,142,15,50,2,2,distr1,220,49,50,3,1,16,47,37,true
9288-3ab08619-cc57-4f49-8e10-7bcc5f5ed5b4,1502070273619,33,further,target,170,46,50,3,3,distr2,299,75,50,2,1,distr1,185,60,50,1,2,12,47,48,true
9288-3ab08619-cc57-4f49-8e10-7bcc5f5ed5b4,1502070293683,34,equal,target,172,16,50,3,1,distr1,87,87,50,1,2,distr2,291,82,50,2,3,36,31,103,true
9288-3ab08619-cc57-4f49-8e10-7bcc5f5ed5b4,1502070305236,35,further,target,98,37,50,2,3,distr1,65,22,50,3,1,distr2,275,33,50,1,2,12,71,56,true
9288-3ab08619-cc57-4f49-8e10-7bcc5f5ed5b4,1502070327698,36,closer,target,99,28,50,3,3,distr1,124,50,50,1,1,distr2,127,38,50,2,2,11,7,6,true
9288-3ab08619-cc57-4f49-8e10-7bcc5f5ed5b4,1502070342419,37,equal,target,186,4,50,3,1,distr1,344,41,50,2,3,distr2,3,91,50,1,2,22,35,23,true
9288-3ab08619-cc57-4f49-8e10-7bcc5f5ed5b4,1502070356580,38,closer,target,225,87,50,2,1,distr1,256,37,50,1,3,distr2,244,25,50,3,2,12,15,7,true
9288-3ab08619-cc57-4f49-8e10-7bcc5f5ed5b4,1502070374257,39,equal,target,250,81,50,1,1,distr1,122,27,50,3,2,distr2,311,17,50,2,3,60,29,54,true
9288-3ab08619-cc57-4f49-8e10-7bcc5f5ed5b4,1502070400862,40,equal,target,317,96,50,2,3,distr2,251,35,50,1,1,distr1,9,96,50,3,2,36,28,46,true
9288-3ab08619-cc57-4f49-8e10-7bcc5f5ed5b4,1502070430888,41,further,target,225,67,50,2,3,distr2,117,2,50,1,1,distr1,254,79,50,3,2,13,34,39,true
9288-3ab08619-cc57-4f49-8e10-7bcc5f5ed5b4,1502070446988,42,equal,target,61,73,50,2,3,distr1,304,71,50,1,2,distr2,235,32,50,3,1,86,73,27,true
9288-3ab08619-cc57-4f49-8e10-7bcc5f5ed5b4,1502070479508,43,closer,target,242,0,50,2,2,distr1,165,10,50,3,3,distr2,205,14,50,1,1,12,9,11,true
9288-3ab08619-cc57-4f49-8e10-7bcc5f5ed5b4,1502070492743,44,equal,target,331,2,50,2,1,distr1,155,64,50,1,3,distr2,236,70,50,3,2,36,35,66,true
9288-3ab08619-cc57-4f49-8e10-7bcc5f5ed5b4,1502070504318,45,closer,target,227,11,50,2,2,distr2,249,21,50,3,3,distr1,267,25,50,1,1,14,11,5,true
9288-3ab08619-cc57-4f49-8e10-7bcc5f5ed5b4,1502070528120,46,closer,target,258,45,50,2,2,distr2,235,99,50,3,3,distr1,246,60,50,1,1,7,12,6,true
9288-3ab08619-cc57-4f49-8e10-7bcc5f5ed5b4,1502070536047,47,equal,target,338,2,50,2,3,distr2,273,96,50,3,1,distr1,35,97,50,1,2,33,34,68,true
9288-3ab08619-cc57-4f49-8e10-7bcc5f5ed5b4,1502070547850,48,equal,target,44,39,50,2,2,distr1,278,92,50,3,1,distr2,91,69,50,1,3,66,27,102,true
9288-3ab08619-cc57-4f49-8e10-7bcc5f5ed5b4,1502070582530,49,closer,target,142,0,50,1,1,distr1,258,4,50,3,2,distr2,231,20,50,2,3,6,18,13,true
9288-3ab08619-cc57-4f49-8e10-7bcc5f5ed5b4,1502070597868,50,equal,target,149,77,50,2,3,distr2,233,44,50,1,1,distr1,192,99,50,3,2,43,62,42,true
4286-9e734173-eddb-47a8-b78f-bad48cfe5449,1502072338618,1,equal,distr2,256,96,50,3,1,distr1,125,23,50,2,2,target,315,55,50,1,3,70,25,57,false
4286-9e734173-eddb-47a8-b78f-bad48cfe5449,1502072377713,2,equal,target,187,82,50,3,1,distr2,156,68,50,2,2,distr1,27,36,50,1,3,44,29,45,true
4286-9e734173-eddb-47a8-b78f-bad48cfe5449,1502072418553,3,equal,target,309,72,50,3,2,distr1,67,38,50,2,3,distr2,125,99,50,1,1,74,106,23,true
4286-9e734173-eddb-47a8-b78f-bad48cfe5449,1502072472889,4,equal,target,83,27,50,3,3,distr2,69,88,50,1,1,distr1,26,11,50,2,2,24,24,40,true
4286-9e734173-eddb-47a8-b78f-bad48cfe5449,1502072545888,5,equal,target,246,92,50,3,1,distr2,77,83,50,2,3,distr1,176,90,50,1,2,67,106,33,true
4286-9e734173-eddb-47a8-b78f-bad48cfe5449,1502072581720,6,closer,target,204,82,50,2,2,distr1,223,19,50,3,3,distr2,210,30,50,1,1,19,10,8,true
4286-9e734173-eddb-47a8-b78f-bad48cfe5449,1502072657523,7,closer,distr2,137,4,50,1,3,distr1,172,12,50,2,2,target,40,10,50,3,1,16,9,8,false
4286-9e734173-eddb-47a8-b78f-bad48cfe5449,1502072721608,8,closer,distr1,326,2,50,2,1,distr2,55,3,50,1,3,target,57,10,50,3,2,14,8,7,false
4286-9e734173-eddb-47a8-b78f-bad48cfe5449,1502072761694,9,further,target,78,61,50,2,1,distr2,267,77,50,1,2,distr1,67,24,50,3,3,17,95,71,true
4286-9e734173-eddb-47a8-b78f-bad48cfe5449,1502072781386,10,further,target,271,1,50,2,3,distr1,179,19,50,1,2,distr2,276,65,50,3,1,19,31,33,true
4286-9e734173-eddb-47a8-b78f-bad48cfe5449,1502072843297,11,closer,target,104,78,50,3,3,distr2,149,88,50,2,2,distr1,118,62,50,1,1,6,10,10,true
4286-9e734173-eddb-47a8-b78f-bad48cfe5449,1502072881155,12,further,target,279,38,50,1,3,distr1,271,23,50,2,1,distr2,355,56,50,3,2,8,30,29,true
4286-9e734173-eddb-47a8-b78f-bad48cfe5449,1502072899072,13,further,target,229,72,50,2,2,distr1,275,37,50,3,3,distr2,111,38,50,1,1,16,64,54,true
4286-9e734173-eddb-47a8-b78f-bad48cfe5449,1502072928322,14,closer,target,14,34,50,3,2,distr2,9,14,50,1,3,distr1,1,46,50,2,1,11,11,17,true
4286-9e734173-eddb-47a8-b78f-bad48cfe5449,1502072943657,15,equal,target,211,30,50,3,3,distr1,277,46,50,1,1,distr2,16,17,50,2,2,24,28,33,true
4286-9e734173-eddb-47a8-b78f-bad48cfe5449,1502072957941,16,equal,target,94,46,50,1,2,distr2,235,28,50,2,1,distr1,198,92,50,3,3,55,57,31,true
4286-9e734173-eddb-47a8-b78f-bad48cfe5449,1502072981985,17,further,distr2,64,86,50,3,2,target,155,22,50,1,1,distr1,160,16,50,2,3,5,36,38,false
4286-9e734173-eddb-47a8-b78f-bad48cfe5449,1502073012554,18,further,target,127,51,50,2,3,distr1,87,28,50,1,2,distr2,30,81,50,3,1,13,51,38,true
4286-9e734173-eddb-47a8-b78f-bad48cfe5449,1502073034810,19,further,target,228,33,50,1,2,distr1,230,60,50,3,1,distr2,137,2,50,2,3,10,25,34,true
4286-9e734173-eddb-47a8-b78f-bad48cfe5449,1502073048089,20,equal,target,284,99,50,2,3,distr1,183,29,50,1,1,distr2,136,66,50,3,2,33,63,31,true
4286-9e734173-eddb-47a8-b78f-bad48cfe5449,1502073063443,21,further,target,203,17,50,2,2,distr1,197,71,50,3,1,distr2,343,67,50,1,3,15,40,61,true
4286-9e734173-eddb-47a8-b78f-bad48cfe5449,1502073081932,22,equal,target,184,16,50,1,1,distr2,4,55,50,3,3,distr1,229,76,50,2,2,33,42,43,true
4286-9e734173-eddb-47a8-b78f-bad48cfe5449,1502073113395,23,closer,target,130,52,50,3,1,distr2,71,39,50,2,3,distr1,135,77,50,1,2,8,15,19,true
4286-9e734173-eddb-47a8-b78f-bad48cfe5449,1502073177354,24,further,distr1,36,43,50,3,3,target,19,30,50,1,2,distr2,79,57,50,2,1,15,42,28,false
4286-9e734173-eddb-47a8-b78f-bad48cfe5449,1502073198637,25,further,target,8,33,50,3,2,distr2,235,44,50,1,3,distr1,15,34,50,2,1,5,36,39,true
4286-9e734173-eddb-47a8-b78f-bad48cfe5449,1502073219819,26,closer,distr2,196,33,50,3,2,target,217,33,50,2,3,distr1,206,29,50,1,1,8,16,8,false
4286-9e734173-eddb-47a8-b78f-bad48cfe5449,1502073273708,27,further,target,43,99,50,3,3,distr1,36,84,50,1,2,distr2,15,18,50,2,1,10,34,27,true
4286-9e734173-eddb-47a8-b78f-bad48cfe5449,1502073319281,28,closer,target,307,48,50,1,3,distr2,260,28,50,2,2,distr1,279,73,50,3,1,13,15,14,true
4286-9e734173-eddb-47a8-b78f-bad48cfe5449,1502073429986,29,further,distr1,126,12,50,3,3,distr2,139,71,50,1,2,target,117,2,50,2,1,13,33,25,false
4286-9e734173-eddb-47a8-b78f-bad48cfe5449,1502073452747,30,further,target,278,85,50,3,3,distr2,7,10,50,1,2,distr1,250,93,50,2,1,13,34,39,true
4286-9e734173-eddb-47a8-b78f-bad48cfe5449,1502073536077,31,further,target,177,70,50,1,1,distr1,181,45,50,3,3,distr2,291,63,50,2,2,9,54,44,true
4286-9e734173-eddb-47a8-b78f-bad48cfe5449,1502073580329,32,closer,distr1,155,11,50,3,3,distr2,104,10,50,2,1,target,194,14,50,1,2,10,15,6,false
4286-9e734173-eddb-47a8-b78f-bad48cfe5449,1502073635401,33,closer,distr1,322,1,50,3,2,target,92,4,50,1,3,distr2,27,27,50,2,1,9,19,17,false
4286-9e734173-eddb-47a8-b78f-bad48cfe5449,1502073665883,34,further,target,99,12,50,3,3,distr2,277,57,50,1,2,distr1,75,16,50,2,1,5,58,60,true
4286-9e734173-eddb-47a8-b78f-bad48cfe5449,1502073692823,35,equal,target,5,92,50,1,2,distr2,154,56,50,2,1,distr1,82,81,50,3,3,73,73,22,true
4286-9e734173-eddb-47a8-b78f-bad48cfe5449,1502073714579,36,equal,distr1,210,40,50,3,1,distr2,266,44,50,1,2,target,51,32,50,2,3,48,62,24,false
4286-9e734173-eddb-47a8-b78f-bad48cfe5449,1502073723740,37,equal,target,264,36,50,1,2,distr1,2,2,50,2,3,distr2,185,35,50,3,1,27,36,30,true
4286-9e734173-eddb-47a8-b78f-bad48cfe5449,1502073737038,38,equal,target,332,74,50,2,2,distr2,300,3,50,3,1,distr1,103,31,50,1,3,73,26,34,true
4286-9e734173-eddb-47a8-b78f-bad48cfe5449,1502073757838,39,further,distr1,358,8,50,3,1,target,228,4,50,1,3,distr2,337,61,50,2,2,11,28,22,false
4286-9e734173-eddb-47a8-b78f-bad48cfe5449,1502073781695,40,further,target,213,33,50,1,1,distr2,322,67,50,3,2,distr1,206,18,50,2,3,7,38,35,true
4286-9e734173-eddb-47a8-b78f-bad48cfe5449,1502073813771,41,closer,target,293,60,50,1,1,distr1,260,21,50,2,2,distr2,253,43,50,3,3,17,16,12,true
4286-9e734173-eddb-47a8-b78f-bad48cfe5449,1502073840593,42,equal,target,335,35,50,3,3,distr2,234,71,50,2,2,distr1,251,2,50,1,1,24,31,33,true
4286-9e734173-eddb-47a8-b78f-bad48cfe5449,1502073892393,43,closer,distr1,147,52,50,1,3,distr2,149,93,50,2,2,target,91,60,50,3,1,14,14,13,false
4286-9e734173-eddb-47a8-b78f-bad48cfe5449,1502073950935,44,closer,target,251,36,50,2,3,distr2,283,35,50,3,2,distr1,229,83,50,1,1,11,11,19,true
4286-9e734173-eddb-47a8-b78f-bad48cfe5449,1502074022827,45,closer,target,207,2,50,1,2,distr1,33,4,50,3,3,distr2,177,11,50,2,1,6,11,14,true
4286-9e734173-eddb-47a8-b78f-bad48cfe5449,1502074052661,46,equal,target,340,25,50,2,2,distr2,232,87,50,1,1,distr1,80,85,50,3,3,68,32,104,true
4286-9e734173-eddb-47a8-b78f-bad48cfe5449,1502074068003,47,closer,target,326,76,50,1,2,distr2,299,15,50,2,1,distr1,317,67,50,3,3,6,18,16,true
4286-9e734173-eddb-47a8-b78f-bad48cfe5449,1502074089298,48,closer,target,333,83,50,2,1,distr2,296,53,50,3,3,distr1,315,28,50,1,2,16,19,12,true
4286-9e734173-eddb-47a8-b78f-bad48cfe5449,1502074131612,49,closer,distr1,138,36,50,1,1,distr2,113,8,50,3,2,target,138,25,50,2,3,6,12,17,false
4286-9e734173-eddb-47a8-b78f-bad48cfe5449,1502074145468,50,equal,distr2,124,19,50,1,1,target,216,13,50,3,2,distr1,74,87,50,2,3,52,29,30,false
7921-645b72d1-e1bf-4121-b9b4-d04e9d5c906f,1502126409066,1,further,target,94,42,50,3,2,distr2,170,15,50,1,1,distr1,126,45,50,2,3,6,25,24,true
7921-645b72d1-e1bf-4121-b9b4-d04e9d5c906f,1502126433202,2,further,target,322,47,50,2,1,distr1,338,62,50,1,3,distr2,41,59,50,3,2,10,56,51,true
7921-645b72d1-e1bf-4121-b9b4-d04e9d5c906f,1502126450362,3,further,target,308,11,50,1,1,distr1,211,7,50,2,2,distr2,147,46,50,3,3,17,42,31,true
7921-645b72d1-e1bf-4121-b9b4-d04e9d5c906f,1502126476535,4,closer,target,317,19,50,1,1,distr1,321,88,50,3,3,distr2,314,34,50,2,2,17,8,11,true
7921-645b72d1-e1bf-4121-b9b4-d04e9d5c906f,1502126504636,5,equal,target,134,27,50,3,2,distr1,359,61,50,2,3,distr2,331,30,50,1,1,62,58,22,true
7921-645b72d1-e1bf-4121-b9b4-d04e9d5c906f,1502126526544,6,equal,target,164,10,50,1,1,distr1,240,22,50,3,2,distr2,111,81,50,2,3,28,34,61,true
7921-645b72d1-e1bf-4121-b9b4-d04e9d5c906f,1502126548175,7,closer,target,278,24,50,1,1,distr1,334,25,50,3,3,distr2,347,32,50,2,2,13,18,6,true
7921-645b72d1-e1bf-4121-b9b4-d04e9d5c906f,1502126566039,8,closer,target,277,98,50,1,1,distr2,248,81,50,2,2,distr1,226,80,50,3,3,16,14,9,true
7921-645b72d1-e1bf-4121-b9b4-d04e9d5c906f,1502126600432,9,closer,target,14,92,50,2,3,distr2,23,35,50,3,2,distr1,18,40,50,1,1,14,17,5,true
7921-645b72d1-e1bf-4121-b9b4-d04e9d5c906f,1502126625005,10,further,target,114,11,50,2,2,distr1,144,10,50,1,1,distr2,56,58,50,3,3,5,27,30,true
7921-645b72d1-e1bf-4121-b9b4-d04e9d5c906f,1502126649903,11,closer,target,29,3,50,2,2,distr2,21,17,50,1,1,distr1,356,4,50,3,3,5,10,9,true
7921-645b72d1-e1bf-4121-b9b4-d04e9d5c906f,1502126706565,12,equal,target,320,40,50,2,1,distr1,22,27,50,3,2,distr2,105,27,50,1,3,31,66,34,true
7921-645b72d1-e1bf-4121-b9b4-d04e9d5c906f,1502126747882,13,further,target,271,30,50,1,2,distr2,349,65,50,2,1,distr1,303,28,50,3,3,9,29,23,true
7921-645b72d1-e1bf-4121-b9b4-d04e9d5c906f,1502126805673,14,closer,target,129,46,50,2,1,distr1,147,91,50,1,3,distr2,163,76,50,3,2,14,15,12,true
7921-645b72d1-e1bf-4121-b9b4-d04e9d5c906f,1502126828404,15,equal,target,307,56,50,2,1,distr2,213,51,50,3,2,distr1,140,58,50,1,3,90,36,52,true
7921-645b72d1-e1bf-4121-b9b4-d04e9d5c906f,1502126866947,16,closer,target,75,2,50,1,1,distr2,97,5,50,3,2,distr1,232,8,50,2,3,13,5,17,true
7921-645b72d1-e1bf-4121-b9b4-d04e9d5c906f,1502126895498,17,equal,target,5,24,50,2,1,distr2,303,39,50,3,2,distr1,238,65,50,1,3,37,24,24,true
7921-645b72d1-e1bf-4121-b9b4-d04e9d5c906f,1502126955825,18,closer,target,137,89,50,2,3,distr1,143,49,50,3,2,distr2,104,58,50,1,1,15,10,11,true
7921-645b72d1-e1bf-4121-b9b4-d04e9d5c906f,1502126989127,19,further,target,117,97,50,3,3,distr2,23,59,50,1,2,distr1,77,75,50,2,1,13,62,49,true
7921-645b72d1-e1bf-4121-b9b4-d04e9d5c906f,1502127025119,20,equal,target,34,89,50,1,2,distr2,328,54,50,3,1,distr1,150,97,50,2,3,54,50,93,true
7921-645b72d1-e1bf-4121-b9b4-d04e9d5c906f,1502127155771,21,closer,target,152,90,50,1,1,distr1,115,69,50,3,3,distr2,108,52,50,2,2,11,14,6,true
7921-645b72d1-e1bf-4121-b9b4-d04e9d5c906f,1502127184903,22,equal,target,233,94,50,3,1,distr2,117,91,50,1,2,distr1,327,85,50,2,3,34,80,100,true
7921-645b72d1-e1bf-4121-b9b4-d04e9d5c906f,1502127204415,23,further,target,294,55,50,1,3,distr2,306,1,50,2,2,distr1,334,65,50,3,1,18,29,27,true
7921-645b72d1-e1bf-4121-b9b4-d04e9d5c906f,1502127241813,24,further,target,221,53,50,1,3,distr2,26,95,50,2,1,distr1,232,57,50,3,2,10,53,58,true
7921-645b72d1-e1bf-4121-b9b4-d04e9d5c906f,1502127279724,25,further,target,236,74,50,2,3,distr1,270,89,50,1,2,distr2,237,13,50,3,1,10,25,25,true
7921-645b72d1-e1bf-4121-b9b4-d04e9d5c906f,1502127310804,26,further,target,277,73,50,1,1,distr1,285,98,50,2,3,distr2,97,97,50,3,2,8,108,110,true
7921-645b72d1-e1bf-4121-b9b4-d04e9d5c906f,1502127333206,27,equal,target,1,78,50,3,1,distr2,111,14,50,1,3,distr1,149,97,50,2,2,85,51,29,true
7921-645b72d1-e1bf-4121-b9b4-d04e9d5c906f,1502127402829,28,closer,target,102,75,50,3,2,distr1,97,32,50,1,1,distr2,109,44,50,2,3,16,11,6,true
7921-645b72d1-e1bf-4121-b9b4-d04e9d5c906f,1502127428142,29,closer,target,82,49,50,2,2,distr1,120,96,50,1,1,distr2,69,82,50,3,3,16,13,16,true
7921-645b72d1-e1bf-4121-b9b4-d04e9d5c906f,1502127446302,30,equal,target,300,34,50,1,2,distr1,199,70,50,3,1,distr2,124,98,50,2,3,45,94,60,true
7921-645b72d1-e1bf-4121-b9b4-d04e9d5c906f,1502127484665,31,closer,target,148,20,50,2,3,distr2,102,5,50,3,1,distr1,65,19,50,1,2,14,13,12,true
7921-645b72d1-e1bf-4121-b9b4-d04e9d5c906f,1502127510284,32,closer,target,291,44,50,2,3,distr2,316,93,50,3,1,distr1,298,75,50,1,2,9,14,9,true
7921-645b72d1-e1bf-4121-b9b4-d04e9d5c906f,1502127544787,33,further,target,104,4,50,1,1,distr1,68,9,50,3,2,distr2,311,58,50,2,3,5,41,46,true
7921-645b72d1-e1bf-4121-b9b4-d04e9d5c906f,1502127592821,34,further,target,197,59,50,3,1,distr1,198,35,50,1,2,distr2,346,91,50,2,3,7,61,55,true
7921-645b72d1-e1bf-4121-b9b4-d04e9d5c906f,1502127695648,35,further,target,104,15,50,1,3,distr1,189,20,50,3,2,distr2,349,87,50,2,1,19,53,51,true
7921-645b72d1-e1bf-4121-b9b4-d04e9d5c906f,1502127725920,36,further,target,301,3,50,1,1,distr1,212,30,50,2,3,distr2,93,92,50,3,2,18,49,60,true
7921-645b72d1-e1bf-4121-b9b4-d04e9d5c906f,1502127758224,37,equal,target,69,97,50,2,1,distr1,119,1,50,3,2,distr2,261,54,50,1,3,42,96,34,true
7921-645b72d1-e1bf-4121-b9b4-d04e9d5c906f,1502127814906,38,closer,target,104,41,50,2,1,distr2,74,40,50,3,3,distr1,150,27,50,1,2,15,10,19,true
7921-645b72d1-e1bf-4121-b9b4-d04e9d5c906f,1502127841490,39,closer,target,201,79,50,1,3,distr2,217,17,50,2,1,distr1,216,46,50,3,2,16,18,10,true
7921-645b72d1-e1bf-4121-b9b4-d04e9d5c906f,1502127861425,40,equal,target,225,0,50,2,3,distr2,155,65,50,3,2,distr1,313,32,50,1,1,25,32,55,true
7921-645b72d1-e1bf-4121-b9b4-d04e9d5c906f,1502127926692,41,closer,target,36,14,50,1,3,distr1,122,4,50,3,1,distr2,247,3,50,2,2,13,15,12,true
7921-645b72d1-e1bf-4121-b9b4-d04e9d5c906f,1502127956902,42,closer,target,111,72,50,1,3,distr2,102,38,50,2,2,distr1,75,62,50,3,1,12,12,14,true
7921-645b72d1-e1bf-4121-b9b4-d04e9d5c906f,1502127972681,43,equal,target,32,40,50,2,3,distr1,79,90,50,1,2,distr2,172,54,50,3,1,40,39,32,true
7921-645b72d1-e1bf-4121-b9b4-d04e9d5c906f,1502128081962,44,further,target,59,31,50,1,1,distr1,98,60,50,2,2,distr2,341,27,50,3,3,18,46,67,true
7921-645b72d1-e1bf-4121-b9b4-d04e9d5c906f,1502128108713,45,equal,target,40,18,50,1,2,distr2,5,43,50,2,3,distr1,307,80,50,3,1,47,26,31,true
7921-645b72d1-e1bf-4121-b9b4-d04e9d5c906f,1502128203072,46,equal,target,39,52,50,3,3,distr2,150,58,50,1,1,distr1,306,27,50,2,2,50,37,52,true
7921-645b72d1-e1bf-4121-b9b4-d04e9d5c906f,1502128214258,47,equal,target,2,2,50,2,1,distr1,329,48,50,1,2,distr2,204,44,50,3,3,25,22,45,true
7921-645b72d1-e1bf-4121-b9b4-d04e9d5c906f,1502128241537,48,further,target,190,27,50,3,2,distr2,310,22,50,1,1,distr1,191,59,50,2,3,9,35,47,true
7921-645b72d1-e1bf-4121-b9b4-d04e9d5c906f,1502128279913,49,equal,target,71,68,50,1,1,distr1,57,7,50,2,2,distr2,308,91,50,3,3,31,89,45,true
7921-645b72d1-e1bf-4121-b9b4-d04e9d5c906f,1502128300464,50,equal,target,226,88,50,3,2,distr2,59,42,50,1,1,distr1,142,14,50,2,3,45,78,24,true
3805-18ed9ae4-fb5e-4a4b-868c-49cf662540d2,1502137117918,1,further,target,301,96,50,2,1,distr1,316,38,50,3,2,distr2,221,96,50,1,3,17,29,27,true
3805-18ed9ae4-fb5e-4a4b-868c-49cf662540d2,1502137149310,2,equal,target,350,74,50,2,1,distr2,104,76,50,3,3,distr1,298,5,50,1,2,27,84,51,true
3805-18ed9ae4-fb5e-4a4b-868c-49cf662540d2,1502137183463,3,closer,target,309,91,50,3,2,distr1,310,35,50,1,1,distr2,325,80,50,2,3,13,11,11,true
3805-18ed9ae4-fb5e-4a4b-868c-49cf662540d2,1502137217593,4,equal,target,272,11,50,2,1,distr1,235,87,50,3,2,distr2,69,13,50,1,3,30,34,62,true
3805-18ed9ae4-fb5e-4a4b-868c-49cf662540d2,1502137243149,5,equal,target,106,93,50,1,2,distr1,222,47,50,2,1,distr2,9,95,50,3,3,69,82,48,true
3805-18ed9ae4-fb5e-4a4b-868c-49cf662540d2,1502137279037,6,equal,target,21,35,50,1,3,distr2,162,58,50,3,1,distr1,347,96,50,2,2,21,47,75,true
3805-18ed9ae4-fb5e-4a4b-868c-49cf662540d2,1502137316043,7,further,distr2,281,75,50,2,3,target,147,63,50,3,2,distr1,151,28,50,1,1,15,61,49,false
3805-18ed9ae4-fb5e-4a4b-868c-49cf662540d2,1502137327707,8,closer,target,101,94,50,3,1,distr2,157,81,50,2,2,distr1,129,77,50,1,3,6,16,12,true
